Workbook

Sheet METADATA
A1: This is the data workbook for Mimulus Field Survey in the summers of 2021-2022
A2: By: Bolívar Aponte Rolón
A3: Last update: | B3: =TODAY() -> 46040
A6: This book contains information of the field sites (elevation and abbreviation), leaf traits, DNA extraction progress and PCR1 progress.
A7: A capital "Z" has been added to some of the site/population abbreviations as place holders for ease of bioinformatics analyses. This is called Sequen_ID
A8: The most important information is found in the Ch2_FieldSurvey and DNA_PCR_progress sheets. These provide the information for other sheets and child .cvs files (mim2_leaf_traits_field_survey.cvs AND mim2_dna_pcr.csv)

Sheet Ch2_FieldSurvey
A1: Site | B1: Population | C1: Species | D1: Hybrid | E1: Elevation_m | F1: Longitude | G1: Latitude | H1: Sample | I1: Unique_ID | J1: Sample_Date | K1: Sampling_time | L1: Process_Date | M1: Process_time | O1: Unique_ID | P1: Sample_Date | Q1: Sampling_time | R1: Process_Date | S1: Process_time | T1: Leaf_thickness | U1: ACI | V1: Leaf_toughness | W1: LMA(mg) | X1: Light Intensity | Y1: Habitat | Z1: Notes | AA1: ImageJ_1 | AB1: ImageJ_2 | AC1: Leaf_lobe_index | AD1: Notes2
A2: TRTB | B2: TRTB | C2: M. laciniatus | E2: =INDEX(FieldSites!F:F, MATCH(Ch2_FieldSurvey!B2,FieldSites!C:C,0)) -> 1572 | F2: =INDEX(FieldSites!G:G, MATCH(Ch2_FieldSurvey!B2,FieldSites!C:C,0)) -> -119.71015 | G2: =INDEX(FieldSites!H:H, MATCH(Ch2_FieldSurvey!B2,FieldSites!C:C,0)) -> 37.700419 | H2: 1 | I2: TRTB_L1 | J2: 44319 | K2: 0.44722222 | L2: 44319 | M2: 0.86736111 | O2: TRTB_L001 | P2: 5/3/2021 | Q2: 10:44:00 AM | R2: 5/3/2021 | S2: 8:49:00 PM | T2: 410 | U2: 12.2 | V2: 0.29 | W2: 0.7 | AA2: 4905717 | AB2: 4908648 | AC2: =(AB2-AA2)/AB2 -> 0.00059710943
A3: TRTB | B3: TRTB | C3: M. laciniatus | E3: =INDEX(FieldSites!F:F, MATCH(Ch2_FieldSurvey!B3,FieldSites!C:C,0)) -> 1572 | F3: =INDEX(FieldSites!G:G, MATCH(Ch2_FieldSurvey!B3,FieldSites!C:C,0)) -> -119.71015 | G3: =INDEX(FieldSites!H:H, MATCH(Ch2_FieldSurvey!B3,FieldSites!C:C,0)) -> 37.700419 | H3: 1 | I3: TRTB_L1 | J3: 44319 | K3: 0.44722222 | L3: 44319 | M3: 0.90902778 | O3: TRTB_L001 | P3: 5/3/2021 | Q3: 10:44:00 AM | R3: 5/3/2021 | S3: 9:49:00 PM | T3: 620 | U3: 12.2 | V3: 0.46 | W3: 0.4
A4: TRTB | B4: TRTB | C4: M. laciniatus | E4: =INDEX(FieldSites!F:F, MATCH(Ch2_FieldSurvey!B4,FieldSites!C:C,0)) -> 1572 | F4: =INDEX(FieldSites!G:G, MATCH(Ch2_FieldSurvey!B4,FieldSites!C:C,0)) -> -119.71015 | G4: =INDEX(FieldSites!H:H, MATCH(Ch2_FieldSurvey!B4,FieldSites!C:C,0)) -> 37.700419 | H4: 1 | I4: TRTB_L1 | J4: 44319 | K4: 0.44722222 | L4: 44319 | M4: 0.95069444 | O4: TRTB_L001 | P4: 5/3/2021 | Q4: 10:44:00 AM | R4: 5/3/2021 | S4: 10:49:00 PM | T4: 705 | U4: 12.2 | V4: 0.33 | W4: 0.6
A5: FVWB | B5: FVWB | C5: M. guttatus | E5: =INDEX(FieldSites!F:F, MATCH(Ch2_FieldSurvey!B5,FieldSites!C:C,0)) -> 1757 | F5: =INDEX(FieldSites!G:G, MATCH(Ch2_FieldSurvey!B5,FieldSites!C:C,0)) -> -119.70272 | G5: =INDEX(FieldSites!H:H, MATCH(Ch2_FieldSurvey!B5,FieldSites!C:C,0)) -> 37.698587 | H5: 1 | I5: FVWB_G1 | J5: 44319 | K5: 0.58611111 | L5: 44319 | M5: 0.99236111 | O5: FVWB_G001 | P5: 5/3/2021 | Q5: 2:04:00 PM | R5: 5/3/2021 | S5: 11:49:00 PM | T5: 320 | U5: 6.1 | V5: 0.32 | W5: 0.5 | AA5: 293186 | AB5: 308689 | AC5: =(AB5-AA5)/AB5 -> 0.050222068
A6: FVWB | B6: FVWB | C6: M. guttatus | E6: =INDEX(FieldSites!F:F, MATCH(Ch2_FieldSurvey!B6,FieldSites!C:C,0)) -> 1757 | F6: =INDEX(FieldSites!G:G, MATCH(Ch2_FieldSurvey!B6,FieldSites!C:C,0)) -> -119.70272 | G6: =INDEX(FieldSites!H:H, MATCH(Ch2_FieldSurvey!B6,FieldSites!C:C,0)) -> 37.698587 | H6: 1 | I6: FVWB_G1 | J6: 44319 | K6: 0.58611111 | L6: 44319 | M6: 1.0340278 | O6: FVWB_G001 | P6: 5/3/2021 | Q6: 2:04:00 PM | R6: 5/3/2021 | S6: 12:49:00 AM | T6: 315 | U6: 6.1 | V6: 0.33 | W6: 0.5
A7: FVWB | B7: FVWB | C7: M. guttatus | E7: =INDEX(FieldSites!F:F, MATCH(Ch2_FieldSurvey!B7,FieldSites!C:C,0)) -> 1757 | F7: =INDEX(FieldSites!G:G, MATCH(Ch2_FieldSurvey!B7,FieldSites!C:C,0)) -> -119.70272 | G7: =INDEX(FieldSites!H:H, MATCH(Ch2_FieldSurvey!B7,FieldSites!C:C,0)) -> 37.698587 | H7: 1 | I7: FVWB_G1 | J7: 44319 | K7: 0.58611111 | L7: 44319 | M7: 1.0756944 | O7: FVWB_G001 | P7: 5/3/2021 | Q7: 2:04:00 PM | R7: 5/3/2021 | S7: 1:49:00 AM | T7: 342 | U7: 6.1 | V7: 0.3 | W7: 0.8
A8: FVWB | B8: FVWB | C8: M. guttatus | E8: =INDEX(FieldSites!F:F, MATCH(Ch2_FieldSurvey!B8,FieldSites!C:C,0)) -> 1757 | F8: =INDEX(FieldSites!G:G, MATCH(Ch2_FieldSurvey!B8,FieldSites!C:C,0)) -> -119.70272 | G8: =INDEX(FieldSites!H:H, MATCH(Ch2_FieldSurvey!B8,FieldSites!C:C,0)) -> 37.698587 | I8: FVWB_G2 | O8: FVWB_G002 | AA8: 131604 | AB8: 145131 | AC8: =(AB8-AA8)/AB8 -> 0.093205449
A9: BML | B9: BML | C9: M. guttatus | E9: =INDEX(FieldSites!F:F, MATCH(Ch2_FieldSurvey!B9,FieldSites!C:C,0)) -> 1730 | F9: =INDEX(FieldSites!G:G, MATCH(Ch2_FieldSurvey!B9,FieldSites!C:C,0)) -> -119.31401 | G9: =INDEX(FieldSites!H:H, MATCH(Ch2_FieldSurvey!B9,FieldSites!C:C,0)) -> 37.090625 | H9: 1 | I9: BML_G1 | J9: 44321 | K9: 0.48125 | L9: 44322 | M9: 0.90069444 | O9: BMLZ_G001 | P9: 5/5/2021 | Q9: 11:33:00 AM | R9: 5/6/2021 | S9: 9:37:00 PM | T9: 410 | U9: 5 | V9: 0.63 | W9: 0.3 | Z9: ACI measure at proccessing time. | AA9: 483020 | AB9: 586252 | AC9: =(AB9-AA9)/AB9 -> 0.1760881
A10: BML | B10: BML | C10: M. guttatus | E10: =INDEX(FieldSites!F:F, MATCH(Ch2_FieldSurvey!B10,FieldSites!C:C,0)) -> 1730 | F10: =INDEX(FieldSites!G:G, MATCH(Ch2_FieldSurvey!B10,FieldSites!C:C,0)) -> -119.31401 | G10: =INDEX(FieldSites!H:H, MATCH(Ch2_FieldSurvey!B10,FieldSites!C:C,0)) -> 37.090625 | H10: 1 | I10: BML_G1 | J10: 44321 | K10: 0.48125 | L10: 44322 | M10: 0.90069444 | O10: BMLZ_G001 | P10: 5/5/2021 | Q10: 11:33:00 AM | R10: 5/6/2021 | S10: 9:37:00 PM | T10: 300 | U10: 4 | V10: 0.4 | W10: 0.3 | Z10: ACI measure at proccessing time.
A11: BML | B11: BML | C11: M. guttatus | E11: =INDEX(FieldSites!F:F, MATCH(Ch2_FieldSurvey!B11,FieldSites!C:C,0)) -> 1730 | F11: =INDEX(FieldSites!G:G, MATCH(Ch2_FieldSurvey!B11,FieldSites!C:C,0)) -> -119.31401 | G11: =INDEX(FieldSites!H:H, MATCH(Ch2_FieldSurvey!B11,FieldSites!C:C,0)) -> 37.090625 | H11: 1 | I11: BML_G1 | J11: 44321 | K11: 0.48125 | L11: 44322 | M11: 0.90069444 | O11: BMLZ_G001 | P11: 5/5/2021 | Q11: 11:33:00 AM | R11: 5/6/2021 | S11: 9:37:00 PM | T11: 355 | U11: 4.8 | V11: 0.62 | W11: 0.4 | Z11: ACI measure at proccessing time.
A12: BML | B12: BML | C12: M. guttatus | E12: =INDEX(FieldSites!F:F, MATCH(Ch2_FieldSurvey!B12,FieldSites!C:C,0)) -> 1730 | F12: =INDEX(FieldSites!G:G, MATCH(Ch2_FieldSurvey!B12,FieldSites!C:C,0)) -> -119.31401 | G12: =INDEX(FieldSites!H:H, MATCH(Ch2_FieldSurvey!B12,FieldSites!C:C,0)) -> 37.090625 | H12: 2 | I12: BML_G2 | J12: 44321 | K12: 0.48263889 | L12: 44322 | M12: 0.90277778 | O12: BMLZ_G002 | P12: 5/5/2021 | Q12: 11:35:00 AM | R12: 5/6/2021 | S12: 9:40:00 PM | T12: 420 | U12: 3.9 | V12: 0.58 | W12: 0.7 | Z12: ACI measure at proccessing time. | AA12: 933840 | AB12: 1020695 | AC12: =(AB12-AA12)/AB12 -> 0.08509398
A13: BML | B13: BML | C13: M. guttatus | E13: =INDEX(FieldSites!F:F, MATCH(Ch2_FieldSurvey!B13,FieldSites!C:C,0)) -> 1730 | F13: =INDEX(FieldSites!G:G, MATCH(Ch2_FieldSurvey!B13,FieldSites!C:C,0)) -> -119.31401 | G13: =INDEX(FieldSites!H:H, MATCH(Ch2_FieldSurvey!B13,FieldSites!C:C,0)) -> 37.090625 | H13: 2 | I13: BML_G2 | J13: 44321 | K13: 0.48263889 | L13: 44322 | M13: 0.90277778 | O13: BMLZ_G002 | P13: 5/5/2021 | Q13: 11:35:00 AM | R13: 5/6/2021 | S13: 9:40:00 PM | T13: 330 | U13: 4.4 | V13: 0.27 | W13: 1.1 | Z13: ACI measure at proccessing time.
A14: BML | B14: BML | C14: M. guttatus | E14: =INDEX(FieldSites!F:F, MATCH(Ch2_FieldSurvey!B14,FieldSites!C:C,0)) -> 1730 | F14: =INDEX(FieldSites!G:G, MATCH(Ch2_FieldSurvey!B14,FieldSites!C:C,0)) -> -119.31401 | G14: =INDEX(FieldSites!H:H, MATCH(Ch2_FieldSurvey!B14,FieldSites!C:C,0)) -> 37.090625 | H14: 2 | I14: BML_G2 | J14: 44321 | K14: 0.48263889 | L14: 44322 | M14: 0.90277778 | O14: BMLZ_G002 | P14: 5/5/2021 | Q14: 11:35:00 AM | R14: 5/6/2021 | S14: 9:40:00 PM | T14: 290 | U14: 6.6 | V14: 0.59 | W14: 0.5 | Z14: ACI measure at proccessing time.
A15: BML | B15: BML | C15: M. guttatus | E15: =INDEX(FieldSites!F:F, MATCH(Ch2_FieldSurvey!B15,FieldSites!C:C,0)) -> 1730 | F15: =INDEX(FieldSites!G:G, MATCH(Ch2_FieldSurvey!B15,FieldSites!C:C,0)) -> -119.31401 | G15: =INDEX(FieldSites!H:H, MATCH(Ch2_FieldSurvey!B15,FieldSites!C:C,0)) -> 37.090625 | H15: 3 | I15: BML_G3 | J15: 44321 | K15: 0.48263889 | L15: 44322 | M15: 0.90555556 | O15: BMLZ_G003 | P15: 5/5/2021 | Q15: 11:35:00 AM | R15: 5/6/2021 | S15: 9:44:00 PM | T15: 340 | U15: 5.1 | V15: 0.72 | W15: 0.7 | Z15: ACI measure at proccessing time. | AA15: 356347 | AB15: 381527 | AC15: =(AB15-AA15)/AB15 -> 0.06599795
A16: BML | B16: BML | C16: M. guttatus | E16: =INDEX(FieldSites!F:F, MATCH(Ch2_FieldSurvey!B16,FieldSites!C:C,0)) -> 1730 | F16: =INDEX(FieldSites!G:G, MATCH(Ch2_FieldSurvey!B16,FieldSites!C:C,0)) -> -119.31401 | G16: =INDEX(FieldSites!H:H, MATCH(Ch2_FieldSurvey!B16,FieldSites!C:C,0)) -> 37.090625 | H16: 3 | I16: BML_G3 | J16: 44321 | K16: 0.48263889 | L16: 44322 | M16: 0.90555556 | O16: BMLZ_G003 | P16: 5/5/2021 | Q16: 11:35:00 AM | R16: 5/6/2021 | S16: 9:44:00 PM | T16: 380 | U16: 5.3 | V16: 0.46 | W16: 0.7 | Z16: ACI measure at proccessing time.
A17: BML | B17: BML | C17: M. guttatus | E17: =INDEX(FieldSites!F:F, MATCH(Ch2_FieldSurvey!B17,FieldSites!C:C,0)) -> 1730 | F17: =INDEX(FieldSites!G:G, MATCH(Ch2_FieldSurvey!B17,FieldSites!C:C,0)) -> -119.31401 | G17: =INDEX(FieldSites!H:H, MATCH(Ch2_FieldSurvey!B17,FieldSites!C:C,0)) -> 37.090625 | H17: 3 | I17: BML_G3 | J17: 44321 | K17: 0.48263889 | L17: 44322 | M17: 0.90555556 | O17: BMLZ_G003 | P17: 5/5/2021 | Q17: 11:35:00 AM | R17: 5/6/2021 | S17: 9:44:00 PM | T17: 270 | U17: 5.3 | V17: 0.58 | W17: 0.5 | Z17: ACI measure at proccessing time.
A18: BML | B18: BML | C18: M. guttatus | E18: =INDEX(FieldSites!F:F, MATCH(Ch2_FieldSurvey!B18,FieldSites!C:C,0)) -> 1730 | F18: =INDEX(FieldSites!G:G, MATCH(Ch2_FieldSurvey!B18,FieldSites!C:C,0)) -> -119.31401 | G18: =INDEX(FieldSites!H:H, MATCH(Ch2_FieldSurvey!B18,FieldSites!C:C,0)) -> 37.090625 | H18: 4 | I18: BML_G4 | J18: 44321 | K18: 0.48611111 | L18: 44322 | M18: 0.90763889 | O18: BMLZ_G004 | P18: 5/5/2021 | Q18: 11:40:00 AM | R18: 5/6/2021 | S18: 9:47:00 PM | T18: 355 | U18: 4.6 | V18: 0.32 | W18: 0.7 | Z18: ACI measure at proccessing time. | AA18: 1498054 | AB18: 1629691 | AC18: =(AB18-AA18)/AB18 -> 0.080774208
A19: BML | B19: BML | C19: M. guttatus | E19: =INDEX(FieldSites!F:F, MATCH(Ch2_FieldSurvey!B19,FieldSites!C:C,0)) -> 1730 | F19: =INDEX(FieldSites!G:G, MATCH(Ch2_FieldSurvey!B19,FieldSites!C:C,0)) -> -119.31401 | G19: =INDEX(FieldSites!H:H, MATCH(Ch2_FieldSurvey!B19,FieldSites!C:C,0)) -> 37.090625 | H19: 4 | I19: BML_G4 | J19: 44321 | K19: 0.48611111 | L19: 44322 | M19: 0.90763889 | O19: BMLZ_G004 | P19: 5/5/2021 | Q19: 11:40:00 AM | R19: 5/6/2021 | S19: 9:47:00 PM | T19: 340 | U19: 4.4 | V19: 0.48 | W19: 0.5 | Z19: ACI measure at proccessing time.
A20: BML | B20: BML | C20: M. guttatus | E20: =INDEX(FieldSites!F:F, MATCH(Ch2_FieldSurvey!B20,FieldSites!C:C,0)) -> 1730 | F20: =INDEX(FieldSites!G:G, MATCH(Ch2_FieldSurvey!B20,FieldSites!C:C,0)) -> -119.31401 | G20: =INDEX(FieldSites!H:H, MATCH(Ch2_FieldSurvey!B20,FieldSites!C:C,0)) -> 37.090625 | H20: 4 | I20: BML_G4 | J20: 44321 | K20: 0.48611111 | L20: 44322 | M20: 0.90763889 | O20: BMLZ_G004 | P20: 5/5/2021 | Q20: 11:40:00 AM | R20: 5/6/2021 | S20: 9:47:00 PM | T20: 405 | U20: 4.3 | V20: 0.37 | W20: 0.7 | Z20: ACI measure at proccessing time.
A21: BML | B21: BML | C21: M. guttatus | E21: =INDEX(FieldSites!F:F, MATCH(Ch2_FieldSurvey!B21,FieldSites!C:C,0)) -> 1730 | F21: =INDEX(FieldSites!G:G, MATCH(Ch2_FieldSurvey!B21,FieldSites!C:C,0)) -> -119.31401 | G21: =INDEX(FieldSites!H:H, MATCH(Ch2_FieldSurvey!B21,FieldSites!C:C,0)) -> 37.090625 | H21: 5 | I21: BML_G5 | J21: 44321 | K21: 0.48958333 | L21: 44322 | M21: 0.90902778 | O21: BMLZ_G005 | P21: 5/5/2021 | Q21: 11:45:00 AM | R21: 5/6/2021 | S21: 9:49:00 PM | T21: 460 | U21: 4 | V21: 0.62 | W21: 0.8 | Z21: ACI measure at proccessing time. | AA21: 456220 | AB21: 506858 | AC21: =(AB21-AA21)/AB21 -> 0.099905694
A22: BML | B22: BML | C22: M. guttatus | E22: =INDEX(FieldSites!F:F, MATCH(Ch2_FieldSurvey!B22,FieldSites!C:C,0)) -> 1730 | F22: =INDEX(FieldSites!G:G, MATCH(Ch2_FieldSurvey!B22,FieldSites!C:C,0)) -> -119.31401 | G22: =INDEX(FieldSites!H:H, MATCH(Ch2_FieldSurvey!B22,FieldSites!C:C,0)) -> 37.090625 | H22: 5 | I22: BML_G5 | J22: 44321 | K22: 0.48958333 | L22: 44322 | M22: 0.90902778 | O22: BMLZ_G005 | P22: 5/5/2021 | Q22: 11:45:00 AM | R22: 5/6/2021 | S22: 9:49:00 PM | T22: 340 | U22: 4.2 | V22: 0.74 | W22: 1 | Z22: ACI measure at proccessing time.
A23: BML | B23: BML | C23: M. guttatus | E23: =INDEX(FieldSites!F:F, MATCH(Ch2_FieldSurvey!B23,FieldSites!C:C,0)) -> 1730 | F23: =INDEX(FieldSites!G:G, MATCH(Ch2_FieldSurvey!B23,FieldSites!C:C,0)) -> -119.31401 | G23: =INDEX(FieldSites!H:H, MATCH(Ch2_FieldSurvey!B23,FieldSites!C:C,0)) -> 37.090625 | H23: 5 | I23: BML_G5 | J23: 44321 | K23: 0.48958333 | L23: 44322 | M23: 0.90902778 | O23: BMLZ_G005 | P23: 5/5/2021 | Q23: 11:45:00 AM | R23: 5/6/2021 | S23: 9:49:00 PM | T23: 520 | U23: 4.5 | V23: 0.63 | W23: 0.9 | Z23: ACI measure at proccessing time.
A24: SHL | B24: SHL | C24: M. guttatus | E24: =INDEX(FieldSites!F:F, MATCH(Ch2_FieldSurvey!B24,FieldSites!C:C,0)) -> 1595 | F24: =INDEX(FieldSites!G:G, MATCH(Ch2_FieldSurvey!B24,FieldSites!C:C,0)) -> -119.30743 | G24: =INDEX(FieldSites!H:H, MATCH(Ch2_FieldSurvey!B24,FieldSites!C:C,0)) -> 37.145131 | H24: 1 | I24: SHL_G1 | J24: 44321 | K24: 0.52708333 | L24: 44322 | M24: 0.9125 | O24: SHLZ_G001 | P24: 5/5/2021 | Q24: 12:39:00 PM | R24: 5/6/2021 | S24: 9:54:00 PM | T24: 264 | U24: 4.2 | V24: 0.63 | W24: 1.1 | Z24: ACI measure at proccessing time. | AA24: 582646 | AB24: 621722 | AC24: =(AB24-AA24)/AB24 -> 0.062851242
A25: SHL | B25: SHL | C25: M. guttatus | E25: =INDEX(FieldSites!F:F, MATCH(Ch2_FieldSurvey!B25,FieldSites!C:C,0)) -> 1595 | F25: =INDEX(FieldSites!G:G, MATCH(Ch2_FieldSurvey!B25,FieldSites!C:C,0)) -> -119.30743 | G25: =INDEX(FieldSites!H:H, MATCH(Ch2_FieldSurvey!B25,FieldSites!C:C,0)) -> 37.145131 | H25: 1 | I25: SHL_G1 | J25: 44321 | K25: 0.52708333 | L25: 44322 | M25: 0.9125 | O25: SHLZ_G001 | P25: 5/5/2021 | Q25: 12:39:00 PM | R25: 5/6/2021 | S25: 9:54:00 PM | T25: 265 | U25: 4.3 | V25: 0.52 | W25: 1.1 | Z25: ACI measure at proccessing time.
A26: SHL | B26: SHL | C26: M. guttatus | E26: =INDEX(FieldSites!F:F, MATCH(Ch2_FieldSurvey!B26,FieldSites!C:C,0)) -> 1595 | F26: =INDEX(FieldSites!G:G, MATCH(Ch2_FieldSurvey!B26,FieldSites!C:C,0)) -> -119.30743 | G26: =INDEX(FieldSites!H:H, MATCH(Ch2_FieldSurvey!B26,FieldSites!C:C,0)) -> 37.145131 | H26: 1 | I26: SHL_G1 | J26: 44321 | K26: 0.52708333 | L26: 44322 | M26: 0.9125 | O26: SHLZ_G001 | P26: 5/5/2021 | Q26: 12:39:00 PM | R26: 5/6/2021 | S26: 9:54:00 PM | T26: 355 | U26: 3.8 | V26: 0.44 | W26: 1.1 | Z26: ACI measure at proccessing time.
A27: SHL | B27: SHL | C27: M. guttatus | E27: =INDEX(FieldSites!F:F, MATCH(Ch2_FieldSurvey!B27,FieldSites!C:C,0)) -> 1595 | F27: =INDEX(FieldSites!G:G, MATCH(Ch2_FieldSurvey!B27,FieldSites!C:C,0)) -> -119.30743 | G27: =INDEX(FieldSites!H:H, MATCH(Ch2_FieldSurvey!B27,FieldSites!C:C,0)) -> 37.145131 | H27: 2 | I27: SHL_G2 | J27: 44321 | K27: 0.52777778 | L27: 44322 | M27: 0.91458333 | O27: SHLZ_G002 | P27: 5/5/2021 | Q27: 12:40:00 PM | R27: 5/6/2021 | S27: 9:57:00 PM | T27: 520 | U27: 5.6 | V27: 0.51 | W27: 0.5 | Z27: ACI measure at proccessing time. | AA27: 1298732 | AB27: 1407504 | AC27: =(AB27-AA27)/AB27 -> 0.077280065
A28: SHL | B28: SHL | C28: M. guttatus | E28: =INDEX(FieldSites!F:F, MATCH(Ch2_FieldSurvey!B28,FieldSites!C:C,0)) -> 1595 | F28: =INDEX(FieldSites!G:G, MATCH(Ch2_FieldSurvey!B28,FieldSites!C:C,0)) -> -119.30743 | G28: =INDEX(FieldSites!H:H, MATCH(Ch2_FieldSurvey!B28,FieldSites!C:C,0)) -> 37.145131 | H28: 2 | I28: SHL_G2 | J28: 44321 | K28: 0.52777778 | L28: 44322 | M28: 0.91458333 | O28: SHLZ_G002 | P28: 5/5/2021 | Q28: 12:40:00 PM | R28: 5/6/2021 | S28: 9:57:00 PM | T28: 530 | U28: 4.4 | V28: 0.54 | W28: 0.4 | Z28: ACI measure at proccessing time.
A29: SHL | B29: SHL | C29: M. guttatus | E29: =INDEX(FieldSites!F:F, MATCH(Ch2_FieldSurvey!B29,FieldSites!C:C,0)) -> 1595 | F29: =INDEX(FieldSites!G:G, MATCH(Ch2_FieldSurvey!B29,FieldSites!C:C,0)) -> -119.30743 | G29: =INDEX(FieldSites!H:H, MATCH(Ch2_FieldSurvey!B29,FieldSites!C:C,0)) -> 37.145131 | H29: 2 | I29: SHL_G2 | J29: 44321 | K29: 0.52777778 | L29: 44322 | M29: 0.91458333 | O29: SHLZ_G002 | P29: 5/5/2021 | Q29: 12:40:00 PM | R29: 5/6/2021 | S29: 9:57:00 PM | T29: 430 | U29: 4.4 | V29: 0.55 | W29: 0.3 | Z29: ACI measure at proccessing time.
A30: SHL | B30: SHL | C30: M. guttatus | E30: =INDEX(FieldSites!F:F, MATCH(Ch2_FieldSurvey!B30,FieldSites!C:C,0)) -> 1595 | F30: =INDEX(FieldSites!G:G, MATCH(Ch2_FieldSurvey!B30,FieldSites!C:C,0)) -> -119.30743 | G30: =INDEX(FieldSites!H:H, MATCH(Ch2_FieldSurvey!B30,FieldSites!C:C,0)) -> 37.145131 | H30: 3 | I30: SHL_G3 | J30: 44321 | K30: 0.53125 | L30: 44322 | M30: 0.91666667 | O30: SHLZ_G003 | P30: 5/5/2021 | Q30: 12:45:00 PM | R30: 5/6/2021 | S30: 10:00:00 PM | T30: 240 | U30: 3 | V30: 0.38 | W30: 0.5 | Z30: ACI measure at proccessing time. | AA30: 1703397 | AB30: 1808854 | AC30: =(AB30-AA30)/AB30 -> 0.058300449
A31: SHL | B31: SHL | C31: M. guttatus | E31: =INDEX(FieldSites!F:F, MATCH(Ch2_FieldSurvey!B31,FieldSites!C:C,0)) -> 1595 | F31: =INDEX(FieldSites!G:G, MATCH(Ch2_FieldSurvey!B31,FieldSites!C:C,0)) -> -119.30743 | G31: =INDEX(FieldSites!H:H, MATCH(Ch2_FieldSurvey!B31,FieldSites!C:C,0)) -> 37.145131 | H31: 3 | I31: SHL_G3 | J31: 44321 | K31: 0.53125 | L31: 44322 | M31: 0.91666667 | O31: SHLZ_G003 | P31: 5/5/2021 | Q31: 12:45:00 PM | R31: 5/6/2021 | S31: 10:00:00 PM | T31: 335 | U31: 3 | V31: 0.34 | W31: 0.5 | Z31: ACI measure at proccessing time.
A32: SHL | B32: SHL | C32: M. guttatus | E32: =INDEX(FieldSites!F:F, MATCH(Ch2_FieldSurvey!B32,FieldSites!C:C,0)) -> 1595 | F32: =INDEX(FieldSites!G:G, MATCH(Ch2_FieldSurvey!B32,FieldSites!C:C,0)) -> -119.30743 | G32: =INDEX(FieldSites!H:H, MATCH(Ch2_FieldSurvey!B32,FieldSites!C:C,0)) -> 37.145131 | H32: 3 | I32: SHL_G3 | J32: 44321 | K32: 0.53125 | L32: 44322 | M32: 0.91666667 | O32: SHLZ_G003 | P32: 5/5/2021 | Q32: 12:45:00 PM | R32: 5/6/2021 | S32: 10:00:00 PM | T32: 400 | U32: 3.4 | V32: 0.38 | W32: 0.7 | Z32: ACI measure at proccessing time.
A33: SHL | B33: SHL | C33: M. guttatus | E33: =INDEX(FieldSites!F:F, MATCH(Ch2_FieldSurvey!B33,FieldSites!C:C,0)) -> 1595 | F33: =INDEX(FieldSites!G:G, MATCH(Ch2_FieldSurvey!B33,FieldSites!C:C,0)) -> -119.30743 | G33: =INDEX(FieldSites!H:H, MATCH(Ch2_FieldSurvey!B33,FieldSites!C:C,0)) -> 37.145131 | H33: 4 | I33: SHL_G4 | J33: 44321 | K33: 0.53472222 | L33: 44322 | M33: 0.91875 | O33: SHLZ_G004 | P33: 5/5/2021 | Q33: 12:50:00 PM | R33: 5/6/2021 | S33: 10:03:00 PM | T33: 324 | U33: 3.6 | V33: 0.38 | W33: 0.6 | Z33: ACI measure at proccessing time. | AA33: 682923 | AB33: 720876 | AC33: =(AB33-AA33)/AB33 -> 0.052648444
A34: SHL | B34: SHL | C34: M. guttatus | E34: =INDEX(FieldSites!F:F, MATCH(Ch2_FieldSurvey!B34,FieldSites!C:C,0)) -> 1595 | F34: =INDEX(FieldSites!G:G, MATCH(Ch2_FieldSurvey!B34,FieldSites!C:C,0)) -> -119.30743 | G34: =INDEX(FieldSites!H:H, MATCH(Ch2_FieldSurvey!B34,FieldSites!C:C,0)) -> 37.145131 | H34: 4 | I34: SHL_G4 | J34: 44321 | K34: 0.53472222 | L34: 44322 | M34: 0.91875 | O34: SHLZ_G004 | P34: 5/5/2021 | Q34: 12:50:00 PM | R34: 5/6/2021 | S34: 10:03:00 PM | T34: 395 | U34: 4.1 | V34: 0.38 | W34: 0.6 | Z34: ACI measure at proccessing time.
A35: SHL | B35: SHL | C35: M. guttatus | E35: =INDEX(FieldSites!F:F, MATCH(Ch2_FieldSurvey!B35,FieldSites!C:C,0)) -> 1595 | F35: =INDEX(FieldSites!G:G, MATCH(Ch2_FieldSurvey!B35,FieldSites!C:C,0)) -> -119.30743 | G35: =INDEX(FieldSites!H:H, MATCH(Ch2_FieldSurvey!B35,FieldSites!C:C,0)) -> 37.145131 | H35: 4 | I35: SHL_G4 | J35: 44321 | K35: 0.53472222 | L35: 44322 | M35: 0.91875 | O35: SHLZ_G004 | P35: 5/5/2021 | Q35: 12:50:00 PM | R35: 5/6/2021 | S35: 10:03:00 PM | T35: 510 | U35: 4 | V35: 0.39 | W35: 0.8 | Z35: ACI measure at proccessing time.
A36: SHL | B36: SHL | C36: M. guttatus | D36: Y | E36: =INDEX(FieldSites!F:F, MATCH(Ch2_FieldSurvey!B36,FieldSites!C:C,0)) -> 1595 | F36: =INDEX(FieldSites!G:G, MATCH(Ch2_FieldSurvey!B36,FieldSites!C:C,0)) -> -119.30743 | G36: =INDEX(FieldSites!H:H, MATCH(Ch2_FieldSurvey!B36,FieldSites!C:C,0)) -> 37.145131 | H36: 5 | I36: SHL_G5 | J36: 44321 | K36: 0.54166667 | L36: 44322 | M36: 0.92152778 | O36: SHLZ_G005 | P36: 5/5/2021 | Q36: 1:00:00 PM | R36: 5/6/2021 | S36: 10:07:00 PM | T36: 510 | U36: 4.6 | V36: 0.43 | W36: 0.6 | Z36: ACI measure at proccessing time. | AA36: 829159 | AB36: 1023402 | AC36: =(AB36-AA36)/AB36 -> 0.18980127
A37: SHL | B37: SHL | C37: M. guttatus | D37: Y | E37: =INDEX(FieldSites!F:F, MATCH(Ch2_FieldSurvey!B37,FieldSites!C:C,0)) -> 1595 | F37: =INDEX(FieldSites!G:G, MATCH(Ch2_FieldSurvey!B37,FieldSites!C:C,0)) -> -119.30743 | G37: =INDEX(FieldSites!H:H, MATCH(Ch2_FieldSurvey!B37,FieldSites!C:C,0)) -> 37.145131 | H37: 5 | I37: SHL_G5 | J37: 44321 | K37: 0.54166667 | L37: 44322 | M37: 0.92152778 | O37: SHLZ_G005 | P37: 5/5/2021 | Q37: 1:00:00 PM | R37: 5/6/2021 | S37: 10:07:00 PM | T37: 430 | U37: 4.6 | V37: 0.46 | W37: 0.5 | Z37: ACI measure at proccessing time.
A38: SHL | B38: SHL | C38: M. guttatus | D38: Y | E38: =INDEX(FieldSites!F:F, MATCH(Ch2_FieldSurvey!B38,FieldSites!C:C,0)) -> 1595 | F38: =INDEX(FieldSites!G:G, MATCH(Ch2_FieldSurvey!B38,FieldSites!C:C,0)) -> -119.30743 | G38: =INDEX(FieldSites!H:H, MATCH(Ch2_FieldSurvey!B38,FieldSites!C:C,0)) -> 37.145131 | H38: 5 | I38: SHL_G5 | J38: 44321 | K38: 0.54166667 | L38: 44322 | M38: 0.92152778 | O38: SHLZ_G005 | P38: 5/5/2021 | Q38: 1:00:00 PM | R38: 5/6/2021 | S38: 10:07:00 PM | T38: 505 | U38: 4.7 | V38: 0.55 | W38: 0.8 | Z38: ACI measure at proccessing time.
A39: SHL | B39: SHL | C39: M. laciniatus | E39: =INDEX(FieldSites!F:F, MATCH(Ch2_FieldSurvey!B39,FieldSites!C:C,0)) -> 1595 | F39: =INDEX(FieldSites!G:G, MATCH(Ch2_FieldSurvey!B39,FieldSites!C:C,0)) -> -119.30743 | G39: =INDEX(FieldSites!H:H, MATCH(Ch2_FieldSurvey!B39,FieldSites!C:C,0)) -> 37.145131 | H39: 1 | I39: SHL_L1 | J39: 44321 | K39: 0.54166667 | L39: 44322 | M39: 0.93819444 | O39: SHLZ_L001 | P39: 5/5/2021 | Q39: 1:00:00 PM | R39: 5/6/2021 | S39: 10:31:00 PM | T39: 415 | U39: 3.1 | V39: 0.41 | W39: 0.4 | Z39: ACI measure at proccessing time. | AA39: 135431 | AB39: 181589 | AC39: =(AB39-AA39)/AB39 -> 0.25418941
A40: SHL | B40: SHL | C40: M. laciniatus | E40: =INDEX(FieldSites!F:F, MATCH(Ch2_FieldSurvey!B40,FieldSites!C:C,0)) -> 1595 | F40: =INDEX(FieldSites!G:G, MATCH(Ch2_FieldSurvey!B40,FieldSites!C:C,0)) -> -119.30743 | G40: =INDEX(FieldSites!H:H, MATCH(Ch2_FieldSurvey!B40,FieldSites!C:C,0)) -> 37.145131 | H40: 1 | I40: SHL_L1 | J40: 44321 | K40: 0.54166667 | L40: 44322 | M40: 0.93819444 | O40: SHLZ_L001 | P40: 5/5/2021 | Q40: 1:00:00 PM | R40: 5/6/2021 | S40: 10:31:00 PM | T40: 415 | U40: 2.4 | V40: 0.34 | Z40: ACI measure at proccessing time.
A41: SHL | B41: SHL | C41: M. laciniatus | E41: =INDEX(FieldSites!F:F, MATCH(Ch2_FieldSurvey!B41,FieldSites!C:C,0)) -> 1595 | F41: =INDEX(FieldSites!G:G, MATCH(Ch2_FieldSurvey!B41,FieldSites!C:C,0)) -> -119.30743 | G41: =INDEX(FieldSites!H:H, MATCH(Ch2_FieldSurvey!B41,FieldSites!C:C,0)) -> 37.145131 | H41: 1 | I41: SHL_L1 | J41: 44321 | K41: 0.54166667 | L41: 44322 | M41: 0.93819444 | O41: SHLZ_L001 | P41: 5/5/2021 | Q41: 1:00:00 PM | R41: 5/6/2021 | S41: 10:31:00 PM | T41: 520 | U41: 1.9 | V41: 0.42 | Z41: ACI measure at proccessing time. M. laciniatus samples did not fit the ACI gauge well, potential for error in reading.
A42: SHL | B42: SHL | C42: M. laciniatus | E42: =INDEX(FieldSites!F:F, MATCH(Ch2_FieldSurvey!B42,FieldSites!C:C,0)) -> 1595 | F42: =INDEX(FieldSites!G:G, MATCH(Ch2_FieldSurvey!B42,FieldSites!C:C,0)) -> -119.30743 | G42: =INDEX(FieldSites!H:H, MATCH(Ch2_FieldSurvey!B42,FieldSites!C:C,0)) -> 37.145131 | H42: 2 | I42: SHL_L2 | J42: 44321 | K42: 0.54513889 | L42: 44322 | M42: 0.94027778 | O42: SHLZ_L002 | P42: 5/5/2021 | Q42: 1:05:00 PM | R42: 5/6/2021 | S42: 10:34:00 PM | T42: 440 | U42: 4.1 | V42: 0.34 | W42: 0.8 | Z42: ACI measure at proccessing time. M. laciniatus samples did not fit the ACI gauge well, potential for error in reading. | AA42: 1475924 | AB42: 4291857 | AC42: =(AB42-AA42)/AB42 -> 0.65611063
A43: SHL | B43: SHL | C43: M. laciniatus | E43: =INDEX(FieldSites!F:F, MATCH(Ch2_FieldSurvey!B43,FieldSites!C:C,0)) -> 1595 | F43: =INDEX(FieldSites!G:G, MATCH(Ch2_FieldSurvey!B43,FieldSites!C:C,0)) -> -119.30743 | G43: =INDEX(FieldSites!H:H, MATCH(Ch2_FieldSurvey!B43,FieldSites!C:C,0)) -> 37.145131 | H43: 2 | I43: SHL_L2 | J43: 44321 | K43: 0.54513889 | L43: 44322 | M43: 0.94027778 | O43: SHLZ_L002 | P43: 5/5/2021 | Q43: 1:05:00 PM | R43: 5/6/2021 | S43: 10:34:00 PM | T43: 348 | U43: 5.5 | V43: 0.32 | W43: 0.6 | Z43: ACI measure at proccessing time. M. laciniatus samples did not fit the ACI gauge well, potential for error in reading.
A44: SHL | B44: SHL | C44: M. laciniatus | E44: =INDEX(FieldSites!F:F, MATCH(Ch2_FieldSurvey!B44,FieldSites!C:C,0)) -> 1595 | F44: =INDEX(FieldSites!G:G, MATCH(Ch2_FieldSurvey!B44,FieldSites!C:C,0)) -> -119.30743 | G44: =INDEX(FieldSites!H:H, MATCH(Ch2_FieldSurvey!B44,FieldSites!C:C,0)) -> 37.145131 | H44: 2 | I44: SHL_L2 | J44: 44321 | K44: 0.54513889 | L44: 44322 | M44: 0.94027778 | O44: SHLZ_L002 | P44: 5/5/2021 | Q44: 1:05:00 PM | R44: 5/6/2021 | S44: 10:34:00 PM | T44: 380 | U44: 1.5 | V44: 0.35 | Z44: ACI measure at proccessing time. M. laciniatus samples did not fit the ACI gauge well, potential for error in reading.
A45: SHL | B45: SHL | C45: M. laciniatus | E45: =INDEX(FieldSites!F:F, MATCH(Ch2_FieldSurvey!B45,FieldSites!C:C,0)) -> 1595 | F45: =INDEX(FieldSites!G:G, MATCH(Ch2_FieldSurvey!B45,FieldSites!C:C,0)) -> -119.30743 | G45: =INDEX(FieldSites!H:H, MATCH(Ch2_FieldSurvey!B45,FieldSites!C:C,0)) -> 37.145131 | H45: 3 | I45: SHL_L3 | J45: 44321 | K45: 0.54513889 | L45: 44322 | M45: 0.94166667 | O45: SHLZ_L003 | P45: 5/5/2021 | Q45: 1:05:00 PM | R45: 5/6/2021 | S45: 10:36:00 PM | T45: 607 | U45: 9 | V45: 0.21 | W45: 0.3 | Z45: ACI measure at proccessing time. M. laciniatus samples did not fit the ACI gauge well, potential for error in reading. | AA45: 1301924 | AB45: 1720524 | AC45: =(AB45-AA45)/AB45 -> 0.24329797
A46: SHL | B46: SHL | C46: M. laciniatus | E46: =INDEX(FieldSites!F:F, MATCH(Ch2_FieldSurvey!B46,FieldSites!C:C,0)) -> 1595 | F46: =INDEX(FieldSites!G:G, MATCH(Ch2_FieldSurvey!B46,FieldSites!C:C,0)) -> -119.30743 | G46: =INDEX(FieldSites!H:H, MATCH(Ch2_FieldSurvey!B46,FieldSites!C:C,0)) -> 37.145131 | H46: 3 | I46: SHL_L3 | J46: 44321 | K46: 0.54513889 | L46: 44322 | M46: 0.94166667 | O46: SHLZ_L003 | P46: 5/5/2021 | Q46: 1:05:00 PM | R46: 5/6/2021 | S46: 10:36:00 PM | T46: 710 | U46: 7.1 | V46: 0.25 | W46: 0.6 | Z46: ACI measure at proccessing time. M. laciniatus samples did not fit the ACI gauge well, potential for error in reading.
A47: SHL | B47: SHL | C47: M. laciniatus | E47: =INDEX(FieldSites!F:F, MATCH(Ch2_FieldSurvey!B47,FieldSites!C:C,0)) -> 1595 | F47: =INDEX(FieldSites!G:G, MATCH(Ch2_FieldSurvey!B47,FieldSites!C:C,0)) -> -119.30743 | G47: =INDEX(FieldSites!H:H, MATCH(Ch2_FieldSurvey!B47,FieldSites!C:C,0)) -> 37.145131 | H47: 3 | I47: SHL_L3 | J47: 44321 | K47: 0.54513889 | L47: 44322 | M47: 0.94166667 | O47: SHLZ_L003 | P47: 5/5/2021 | Q47: 1:05:00 PM | R47: 5/6/2021 | S47: 10:36:00 PM | T47: 625 | U47: 6.2 | V47: 0.24 | W47: 0.6 | Z47: ACI measure at proccessing time. M. laciniatus samples did not fit the ACI gauge well, potential for error in reading.
A48: SHL | B48: SHL | C48: M. laciniatus | E48: =INDEX(FieldSites!F:F, MATCH(Ch2_FieldSurvey!B48,FieldSites!C:C,0)) -> 1595 | F48: =INDEX(FieldSites!G:G, MATCH(Ch2_FieldSurvey!B48,FieldSites!C:C,0)) -> -119.30743 | G48: =INDEX(FieldSites!H:H, MATCH(Ch2_FieldSurvey!B48,FieldSites!C:C,0)) -> 37.145131 | H48: 4 | I48: SHL_L4 | J48: 44321 | K48: 0.54861111 | L48: 44322 | M48: 0.94444444 | O48: SHLZ_L004 | P48: 5/5/2021 | Q48: 1:10:00 PM | R48: 5/6/2021 | S48: 10:40:00 PM | T48: 565 | U48: 4.2 | V48: 0.28 | W48: 0.7 | Z48: ACI measure at proccessing time. M. laciniatus samples did not fit the ACI gauge well, potential for error in reading. | AA48: 179113 | AB48: 200536 | AC48: =(AB48-AA48)/AB48 -> 0.1068287
A49: SHL | B49: SHL | C49: M. laciniatus | E49: =INDEX(FieldSites!F:F, MATCH(Ch2_FieldSurvey!B49,FieldSites!C:C,0)) -> 1595 | F49: =INDEX(FieldSites!G:G, MATCH(Ch2_FieldSurvey!B49,FieldSites!C:C,0)) -> -119.30743 | G49: =INDEX(FieldSites!H:H, MATCH(Ch2_FieldSurvey!B49,FieldSites!C:C,0)) -> 37.145131 | H49: 4 | I49: SHL_L4 | J49: 44321 | K49: 0.54861111 | L49: 44322 | M49: 0.94444444 | O49: SHLZ_L004 | P49: 5/5/2021 | Q49: 1:10:00 PM | R49: 5/6/2021 | S49: 10:40:00 PM | T49: 700 | U49: 4.1 | V49: 0.28 | W49: 0.8 | Z49: ACI measure at proccessing time. M. laciniatus samples did not fit the ACI gauge well, potential for error in reading.
A50: SHL | B50: SHL | C50: M. laciniatus | E50: =INDEX(FieldSites!F:F, MATCH(Ch2_FieldSurvey!B50,FieldSites!C:C,0)) -> 1595 | F50: =INDEX(FieldSites!G:G, MATCH(Ch2_FieldSurvey!B50,FieldSites!C:C,0)) -> -119.30743 | G50: =INDEX(FieldSites!H:H, MATCH(Ch2_FieldSurvey!B50,FieldSites!C:C,0)) -> 37.145131 | H50: 4 | I50: SHL_L4 | J50: 44321 | K50: 0.54861111 | L50: 44322 | M50: 0.94444444 | O50: SHLZ_L004 | P50: 5/5/2021 | Q50: 1:10:00 PM | R50: 5/6/2021 | S50: 10:40:00 PM | T50: 524 | U50: 4.4 | V50: 0.26 | W50: 0.7 | Z50: ACI measure at proccessing time. M. laciniatus samples did not fit the ACI gauge well, potential for error in reading.
A51: SHL | B51: SHL | C51: M. laciniatus | E51: =INDEX(FieldSites!F:F, MATCH(Ch2_FieldSurvey!B51,FieldSites!C:C,0)) -> 1595 | F51: =INDEX(FieldSites!G:G, MATCH(Ch2_FieldSurvey!B51,FieldSites!C:C,0)) -> -119.30743 | G51: =INDEX(FieldSites!H:H, MATCH(Ch2_FieldSurvey!B51,FieldSites!C:C,0)) -> 37.145131 | H51: 5 | I51: SHL_L5 | J51: 44321 | K51: 0.55208333 | L51: 44322 | M51: 0.94652778 | O51: SHLZ_L005 | P51: 5/5/2021 | Q51: 1:15:00 PM | R51: 5/6/2021 | S51: 10:43:00 PM | T51: 405 | U51: 4.4 | V51: 0.33 | W51: 0.2 | Z51: ACI measure at proccessing time. M. laciniatus samples did not fit the ACI gauge well, potential for error in reading. | AA51: 239689 | AB51: 275489 | AC51: =(AB51-AA51)/AB51 -> 0.12995074
A52: SHL | B52: SHL | C52: M. laciniatus | E52: =INDEX(FieldSites!F:F, MATCH(Ch2_FieldSurvey!B52,FieldSites!C:C,0)) -> 1595 | F52: =INDEX(FieldSites!G:G, MATCH(Ch2_FieldSurvey!B52,FieldSites!C:C,0)) -> -119.30743 | G52: =INDEX(FieldSites!H:H, MATCH(Ch2_FieldSurvey!B52,FieldSites!C:C,0)) -> 37.145131 | H52: 5 | I52: SHL_L5 | J52: 44321 | K52: 0.55208333 | L52: 44322 | M52: 0.94652778 | O52: SHLZ_L005 | P52: 5/5/2021 | Q52: 1:15:00 PM | R52: 5/6/2021 | S52: 10:43:00 PM | T52: 435 | U52: 3.7 | V52: 0.33 | W52: 0.3 | Z52: ACI measure at proccessing time. M. laciniatus samples did not fit the ACI gauge well, potential for error in reading.
A53: SHL | B53: SHL | C53: M. laciniatus | E53: =INDEX(FieldSites!F:F, MATCH(Ch2_FieldSurvey!B53,FieldSites!C:C,0)) -> 1595 | F53: =INDEX(FieldSites!G:G, MATCH(Ch2_FieldSurvey!B53,FieldSites!C:C,0)) -> -119.30743 | G53: =INDEX(FieldSites!H:H, MATCH(Ch2_FieldSurvey!B53,FieldSites!C:C,0)) -> 37.145131 | H53: 5 | I53: SHL_L5 | J53: 44321 | K53: 0.55208333 | L53: 44322 | M53: 0.94652778 | O53: SHLZ_L005 | P53: 5/5/2021 | Q53: 1:15:00 PM | R53: 5/6/2021 | S53: 10:43:00 PM | T53: 462 | U53: 2.4 | V53: 0.21 | W53: 0.6 | Z53: ACI measure at proccessing time. M. laciniatus samples did not fit the ACI gauge well, potential for error in reading.
A54: BML | B54: BML | C54: M. laciniatus | E54: =INDEX(FieldSites!F:F, MATCH(Ch2_FieldSurvey!B54,FieldSites!C:C,0)) -> 1730 | F54: =INDEX(FieldSites!G:G, MATCH(Ch2_FieldSurvey!B54,FieldSites!C:C,0)) -> -119.31401 | G54: =INDEX(FieldSites!H:H, MATCH(Ch2_FieldSurvey!B54,FieldSites!C:C,0)) -> 37.090625 | H54: 1 | I54: BML_L1 | J54: 44321 | K54: 0.46527778 | L54: 44322 | M54: 0.94861111 | O54: BMLZ_L001 | P54: 5/5/2021 | Q54: 11:10:00 AM | R54: 5/6/2021 | S54: 10:46:00 PM | T54: 258 | U54: 3.2 | V54: 0.32 | W54: 0.5 | Z54: ACI measure at proccessing time. M. laciniatus samples did not fit the ACI gauge well, potential for error in reading. | AA54: 291407 | AB54: 399990 | AC54: =(AB54-AA54)/AB54 -> 0.27146429
A55: BML | B55: BML | C55: M. laciniatus | E55: =INDEX(FieldSites!F:F, MATCH(Ch2_FieldSurvey!B55,FieldSites!C:C,0)) -> 1730 | F55: =INDEX(FieldSites!G:G, MATCH(Ch2_FieldSurvey!B55,FieldSites!C:C,0)) -> -119.31401 | G55: =INDEX(FieldSites!H:H, MATCH(Ch2_FieldSurvey!B55,FieldSites!C:C,0)) -> 37.090625 | H55: 1 | I55: BML_L1 | J55: 44321 | K55: 0.46527778 | L55: 44322 | M55: 0.94861111 | O55: BMLZ_L001 | P55: 5/5/2021 | Q55: 11:10:00 AM | R55: 5/6/2021 | S55: 10:46:00 PM | T55: 279 | U55: 3.2 | V55: 0.25 | W55: 1 | Z55: ACI measure at proccessing time. M. laciniatus samples did not fit the ACI gauge well, potential for error in reading.
A56: BML | B56: BML | C56: M. laciniatus | E56: =INDEX(FieldSites!F:F, MATCH(Ch2_FieldSurvey!B56,FieldSites!C:C,0)) -> 1730 | F56: =INDEX(FieldSites!G:G, MATCH(Ch2_FieldSurvey!B56,FieldSites!C:C,0)) -> -119.31401 | G56: =INDEX(FieldSites!H:H, MATCH(Ch2_FieldSurvey!B56,FieldSites!C:C,0)) -> 37.090625 | H56: 1 | I56: BML_L1 | J56: 44321 | K56: 0.46527778 | L56: 44322 | M56: 0.94861111 | O56: BMLZ_L001 | P56: 5/5/2021 | Q56: 11:10:00 AM | R56: 5/6/2021 | S56: 10:46:00 PM | T56: 247 | U56: 2.9 | V56: 0.3 | W56: 0.8 | Z56: ACI measure at proccessing time. M. laciniatus samples did not fit the ACI gauge well, potential for error in reading.
A57: BML | B57: BML | C57: M. laciniatus | E57: =INDEX(FieldSites!F:F, MATCH(Ch2_FieldSurvey!B57,FieldSites!C:C,0)) -> 1730 | F57: =INDEX(FieldSites!G:G, MATCH(Ch2_FieldSurvey!B57,FieldSites!C:C,0)) -> -119.31401 | G57: =INDEX(FieldSites!H:H, MATCH(Ch2_FieldSurvey!B57,FieldSites!C:C,0)) -> 37.090625 | H57: 2 | I57: BML_L2 | J57: 44321 | K57: 0.46597222 | L57: 44322 | M57: 0.95138889 | O57: BMLZ_L002 | P57: 5/5/2021 | Q57: 11:11:00 AM | R57: 5/6/2021 | S57: 10:50:00 PM | T57: 290 | U57: 4.3 | V57: 0.34 | W57: 0.6 | Z57: ACI measure at proccessing time. M. laciniatus samples did not fit the ACI gauge well, potential for error in reading. | AA57: 147308 | AB57: 167372 | AC57: =(AB57-AA57)/AB57 -> 0.11987668
A58: BML | B58: BML | C58: M. laciniatus | E58: =INDEX(FieldSites!F:F, MATCH(Ch2_FieldSurvey!B58,FieldSites!C:C,0)) -> 1730 | F58: =INDEX(FieldSites!G:G, MATCH(Ch2_FieldSurvey!B58,FieldSites!C:C,0)) -> -119.31401 | G58: =INDEX(FieldSites!H:H, MATCH(Ch2_FieldSurvey!B58,FieldSites!C:C,0)) -> 37.090625 | H58: 2 | I58: BML_L2 | J58: 44321 | K58: 0.46597222 | L58: 44322 | M58: 0.95138889 | O58: BMLZ_L002 | P58: 5/5/2021 | Q58: 11:11:00 AM | R58: 5/6/2021 | S58: 10:50:00 PM | T58: 305 | U58: 3.1 | V58: 0.3 | Z58: ACI measure at proccessing time. M. laciniatus samples did not fit the ACI gauge well, potential for error in reading.
A59: BML | B59: BML | C59: M. laciniatus | E59: =INDEX(FieldSites!F:F, MATCH(Ch2_FieldSurvey!B59,FieldSites!C:C,0)) -> 1730 | F59: =INDEX(FieldSites!G:G, MATCH(Ch2_FieldSurvey!B59,FieldSites!C:C,0)) -> -119.31401 | G59: =INDEX(FieldSites!H:H, MATCH(Ch2_FieldSurvey!B59,FieldSites!C:C,0)) -> 37.090625 | H59: 2 | I59: BML_L2 | J59: 44321 | K59: 0.46597222 | L59: 44322 | M59: 0.95138889 | O59: BMLZ_L002 | P59: 5/5/2021 | Q59: 11:11:00 AM | R59: 5/6/2021 | S59: 10:50:00 PM | T59: 260 | U59: 2.2 | V59: 0.32 | Z59: ACI measure at proccessing time. M. laciniatus samples did not fit the ACI gauge well, potential for error in reading.
A60: BML | B60: BML | C60: M. laciniatus | E60: =INDEX(FieldSites!F:F, MATCH(Ch2_FieldSurvey!B60,FieldSites!C:C,0)) -> 1730 | F60: =INDEX(FieldSites!G:G, MATCH(Ch2_FieldSurvey!B60,FieldSites!C:C,0)) -> -119.31401 | G60: =INDEX(FieldSites!H:H, MATCH(Ch2_FieldSurvey!B60,FieldSites!C:C,0)) -> 37.090625 | H60: 3 | I60: BML_L3 | J60: 44321 | K60: 0.46805556 | L60: 44322 | M60: 0.95277778 | O60: BMLZ_L003 | P60: 5/5/2021 | Q60: 11:14:00 AM | R60: 5/6/2021 | S60: 10:52:00 PM | T60: 255 | U60: 2.2 | V60: 0.25 | W60: 0.4 | Z60: ACI measure at proccessing time. M. laciniatus samples did not fit the ACI gauge well, potential for error in reading. | AA60: 128616 | AB60: 198566 | AC60: =(AB60-AA60)/AB60 -> 0.35227582
A61: BML | B61: BML | C61: M. laciniatus | E61: =INDEX(FieldSites!F:F, MATCH(Ch2_FieldSurvey!B61,FieldSites!C:C,0)) -> 1730 | F61: =INDEX(FieldSites!G:G, MATCH(Ch2_FieldSurvey!B61,FieldSites!C:C,0)) -> -119.31401 | G61: =INDEX(FieldSites!H:H, MATCH(Ch2_FieldSurvey!B61,FieldSites!C:C,0)) -> 37.090625 | H61: 3 | I61: BML_L3 | J61: 44321 | K61: 0.46805556 | L61: 44322 | M61: 0.95277778 | O61: BMLZ_L003 | P61: 5/5/2021 | Q61: 11:14:00 AM | R61: 5/6/2021 | S61: 10:52:00 PM | T61: 220 | U61: 1.8 | V61: 0.34 | Z61: ACI measure at proccessing time. M. laciniatus samples did not fit the ACI gauge well, potential for error in reading.
A62: BML | B62: BML | C62: M. laciniatus | E62: =INDEX(FieldSites!F:F, MATCH(Ch2_FieldSurvey!B62,FieldSites!C:C,0)) -> 1730 | F62: =INDEX(FieldSites!G:G, MATCH(Ch2_FieldSurvey!B62,FieldSites!C:C,0)) -> -119.31401 | G62: =INDEX(FieldSites!H:H, MATCH(Ch2_FieldSurvey!B62,FieldSites!C:C,0)) -> 37.090625 | H62: 3 | I62: BML_L3 | J62: 44321 | K62: 0.46805556 | L62: 44322 | M62: 0.95277778 | O62: BMLZ_L003 | P62: 5/5/2021 | Q62: 11:14:00 AM | R62: 5/6/2021 | S62: 10:52:00 PM | T62: 225 | U62: 2.3 | V62: 0.35 | Z62: ACI measure at proccessing time. M. laciniatus samples did not fit the ACI gauge well, potential for error in reading.
A63: BML | B63: BML | C63: M. laciniatus | E63: =INDEX(FieldSites!F:F, MATCH(Ch2_FieldSurvey!B63,FieldSites!C:C,0)) -> 1730 | F63: =INDEX(FieldSites!G:G, MATCH(Ch2_FieldSurvey!B63,FieldSites!C:C,0)) -> -119.31401 | G63: =INDEX(FieldSites!H:H, MATCH(Ch2_FieldSurvey!B63,FieldSites!C:C,0)) -> 37.090625 | H63: 4 | I63: BML_L4 | J63: 44321 | K63: 0.46875 | L63: 44322 | M63: 0.95486111 | O63: BMLZ_L004 | P63: 5/5/2021 | Q63: 11:15:00 AM | R63: 5/6/2021 | S63: 10:55:00 PM | T63: 385 | U63: 5.1 | V63: 0.23 | W63: 0.5 | Z63: ACI measure at proccessing time. M. laciniatus samples did not fit the ACI gauge well, potential for error in reading. | AA63: 135531 | AB63: 147598 | AC63: =(AB63-AA63)/AB63 -> 0.08175585 | AD63: imagej had inverted colors (white leaf, black background)
A64: BML | B64: BML | C64: M. laciniatus | E64: =INDEX(FieldSites!F:F, MATCH(Ch2_FieldSurvey!B64,FieldSites!C:C,0)) -> 1730 | F64: =INDEX(FieldSites!G:G, MATCH(Ch2_FieldSurvey!B64,FieldSites!C:C,0)) -> -119.31401 | G64: =INDEX(FieldSites!H:H, MATCH(Ch2_FieldSurvey!B64,FieldSites!C:C,0)) -> 37.090625 | H64: 4 | I64: BML_L4 | J64: 44321 | K64: 0.46875 | L64: 44322 | M64: 0.95486111 | O64: BMLZ_L004 | P64: 5/5/2021 | Q64: 11:15:00 AM | R64: 5/6/2021 | S64: 10:55:00 PM | T64: 375 | U64: 4 | V64: 0.23 | W64: 0.4 | Z64: ACI measure at proccessing time. M. laciniatus samples did not fit the ACI gauge well, potential for error in reading.
A65: BML | B65: BML | C65: M. laciniatus | E65: =INDEX(FieldSites!F:F, MATCH(Ch2_FieldSurvey!B65,FieldSites!C:C,0)) -> 1730 | F65: =INDEX(FieldSites!G:G, MATCH(Ch2_FieldSurvey!B65,FieldSites!C:C,0)) -> -119.31401 | G65: =INDEX(FieldSites!H:H, MATCH(Ch2_FieldSurvey!B65,FieldSites!C:C,0)) -> 37.090625 | H65: 4 | I65: BML_L4 | J65: 44321 | K65: 0.46875 | L65: 44322 | M65: 0.95486111 | O65: BMLZ_L004 | P65: 5/5/2021 | Q65: 11:15:00 AM | R65: 5/6/2021 | S65: 10:55:00 PM | T65: 240 | U65: 2.9 | V65: 0.28 | Z65: ACI measure at proccessing time. M. laciniatus samples did not fit the ACI gauge well, potential for error in reading.
A66: BML | B66: BML | C66: M. laciniatus | D66: Y | E66: =INDEX(FieldSites!F:F, MATCH(Ch2_FieldSurvey!B66,FieldSites!C:C,0)) -> 1730 | F66: =INDEX(FieldSites!G:G, MATCH(Ch2_FieldSurvey!B66,FieldSites!C:C,0)) -> -119.31401 | G66: =INDEX(FieldSites!H:H, MATCH(Ch2_FieldSurvey!B66,FieldSites!C:C,0)) -> 37.090625 | H66: 5 | I66: BML_L5 | J66: 44321 | K66: 0.47152778 | L66: 44322 | M66: 0.95625 | O66: BMLZ_L005 | P66: 5/5/2021 | Q66: 11:19:00 AM | R66: 5/6/2021 | S66: 10:57:00 PM | T66: 240 | U66: 4.7 | V66: 0.25 | W66: 0.6 | Z66: ACI measure at proccessing time. M. laciniatus samples did not fit the ACI gauge well, potential for error in reading. | AA66: 241503 | AB66: 277180 | AC66: =(AB66-AA66)/AB66 -> 0.12871419
A67: BML | B67: BML | C67: M. laciniatus | D67: Y | E67: =INDEX(FieldSites!F:F, MATCH(Ch2_FieldSurvey!B67,FieldSites!C:C,0)) -> 1730 | F67: =INDEX(FieldSites!G:G, MATCH(Ch2_FieldSurvey!B67,FieldSites!C:C,0)) -> -119.31401 | G67: =INDEX(FieldSites!H:H, MATCH(Ch2_FieldSurvey!B67,FieldSites!C:C,0)) -> 37.090625 | H67: 5 | I67: BML_L5 | J67: 44321 | K67: 0.47152778 | L67: 44322 | M67: 0.95625 | O67: BMLZ_L005 | P67: 5/5/2021 | Q67: 11:19:00 AM | R67: 5/6/2021 | S67: 10:57:00 PM | T67: 340 | U67: 4.9 | V67: 0.22 | W67: 0.8 | Z67: ACI measure at proccessing time. M. laciniatus samples did not fit the ACI gauge well, potential for error in reading.
A68: BML | B68: BML | C68: M. laciniatus | D68: Y | E68: =INDEX(FieldSites!F:F, MATCH(Ch2_FieldSurvey!B68,FieldSites!C:C,0)) -> 1730 | F68: =INDEX(FieldSites!G:G, MATCH(Ch2_FieldSurvey!B68,FieldSites!C:C,0)) -> -119.31401 | G68: =INDEX(FieldSites!H:H, MATCH(Ch2_FieldSurvey!B68,FieldSites!C:C,0)) -> 37.090625 | H68: 5 | I68: BML_L5 | J68: 44321 | K68: 0.47152778 | L68: 44322 | M68: 0.95625 | O68: BMLZ_L005 | P68: 5/5/2021 | Q68: 11:19:00 AM | R68: 5/6/2021 | S68: 10:57:00 PM | T68: 310 | U68: 4.5 | V68: 0.3 | Z68: ACI measure at proccessing time. M. laciniatus samples did not fit the ACI gauge well, potential for error in reading.
A69: LYFB | B69: LYFB | C69: M. guttatus | E69: =INDEX(FieldSites!F:F, MATCH(Ch2_FieldSurvey!B69,FieldSites!C:C,0)) -> 1565 | F69: =INDEX(FieldSites!G:G, MATCH(Ch2_FieldSurvey!B69,FieldSites!C:C,0)) -> -119.60139 | G69: =INDEX(FieldSites!H:H, MATCH(Ch2_FieldSurvey!B69,FieldSites!C:C,0)) -> 37.748823 | H69: 1 | I69: LYFB_G1 | J69: 44323 | K69: 0.69444444 | L69: 44324 | M69: 0.46875 | O69: LYFB_G001 | P69: 5/7/2021 | Q69: 4:40:00 PM | R69: 5/8/2021 | S69: 11:15:00 AM | T69: 335 | U69: 5.7 | V69: 0.39 | W69: 0.3 | AA69: 660262 | AB69: 683865 | AC69: =(AB69-AA69)/AB69 -> 0.034514122
A70: LYFB | B70: LYFB | C70: M. guttatus | E70: =INDEX(FieldSites!F:F, MATCH(Ch2_FieldSurvey!B70,FieldSites!C:C,0)) -> 1565 | F70: =INDEX(FieldSites!G:G, MATCH(Ch2_FieldSurvey!B70,FieldSites!C:C,0)) -> -119.60139 | G70: =INDEX(FieldSites!H:H, MATCH(Ch2_FieldSurvey!B70,FieldSites!C:C,0)) -> 37.748823 | H70: 1 | I70: LYFB_G1 | J70: 44323 | K70: 0.69444444 | L70: 44324 | M70: 0.46875 | O70: LYFB_G001 | P70: 5/7/2021 | Q70: 4:40:00 PM | R70: 5/8/2021 | S70: 11:15:00 AM | T70: 305 | U70: 6.6 | V70: 0.35 | W70: 0.1
A71: LYFB | B71: LYFB | C71: M. guttatus | E71: =INDEX(FieldSites!F:F, MATCH(Ch2_FieldSurvey!B71,FieldSites!C:C,0)) -> 1565 | F71: =INDEX(FieldSites!G:G, MATCH(Ch2_FieldSurvey!B71,FieldSites!C:C,0)) -> -119.60139 | G71: =INDEX(FieldSites!H:H, MATCH(Ch2_FieldSurvey!B71,FieldSites!C:C,0)) -> 37.748823 | H71: 1 | I71: LYFB_G1 | J71: 44323 | K71: 0.69444444 | L71: 44324 | M71: 0.46875 | O71: LYFB_G001 | P71: 5/7/2021 | Q71: 4:40:00 PM | R71: 5/8/2021 | S71: 11:15:00 AM | T71: 437 | U71: 6 | V71: 0.39 | W71: 0.2
A72: LYFB | B72: LYFB | C72: M. guttatus | E72: =INDEX(FieldSites!F:F, MATCH(Ch2_FieldSurvey!B72,FieldSites!C:C,0)) -> 1565 | F72: =INDEX(FieldSites!G:G, MATCH(Ch2_FieldSurvey!B72,FieldSites!C:C,0)) -> -119.60139 | G72: =INDEX(FieldSites!H:H, MATCH(Ch2_FieldSurvey!B72,FieldSites!C:C,0)) -> 37.748823 | H72: 2 | I72: =CONCATENATE(B72,"_",C72,H72) -> LYFB_M. guttatus2 | J72: 44323 | K72: 0.69444444 | L72: 44324 | M72: 0.47222222 | O72: LYFB_G002 | P72: 5/7/2021 | Q72: 4:40:00 PM | R72: 5/8/2021 | S72: 11:20:00 AM | T72: 520 | U72: 4.2 | V72: 0.54 | W72: 0.2 | AA72: 988841 | AB72: 1044844 | AC72: =(AB72-AA72)/AB72 -> 0.053599389
A73: LYFB | B73: LYFB | C73: M. guttatus | E73: =INDEX(FieldSites!F:F, MATCH(Ch2_FieldSurvey!B73,FieldSites!C:C,0)) -> 1565 | F73: =INDEX(FieldSites!G:G, MATCH(Ch2_FieldSurvey!B73,FieldSites!C:C,0)) -> -119.60139 | G73: =INDEX(FieldSites!H:H, MATCH(Ch2_FieldSurvey!B73,FieldSites!C:C,0)) -> 37.748823 | H73: 2 | I73: =CONCATENATE(B73,"_",C73,H73) -> LYFB_M. guttatus2 | J73: 44323 | K73: 0.69444444 | L73: 44324 | M73: 0.47222222 | O73: LYFB_G002 | P73: 5/7/2021 | Q73: 4:40:00 PM | R73: 5/8/2021 | S73: 11:20:00 AM | T73: 360 | U73: 5.1 | V73: 0.37 | W73: 0.3
A74: LYFB | B74: LYFB | C74: M. guttatus | E74: =INDEX(FieldSites!F:F, MATCH(Ch2_FieldSurvey!B74,FieldSites!C:C,0)) -> 1565 | F74: =INDEX(FieldSites!G:G, MATCH(Ch2_FieldSurvey!B74,FieldSites!C:C,0)) -> -119.60139 | G74: =INDEX(FieldSites!H:H, MATCH(Ch2_FieldSurvey!B74,FieldSites!C:C,0)) -> 37.748823 | H74: 2 | I74: =CONCATENATE(B74,"_",C74,H74) -> LYFB_M. guttatus2 | J74: 44323 | K74: 0.69444444 | L74: 44324 | M74: 0.47222222 | O74: LYFB_G002 | P74: 5/7/2021 | Q74: 4:40:00 PM | R74: 5/8/2021 | S74: 11:20:00 AM | T74: 405 | U74: 6.4 | V74: 0.61 | W74: 0.4
A75: LYFB | B75: LYFB | C75: M. guttatus | E75: =INDEX(FieldSites!F:F, MATCH(Ch2_FieldSurvey!B75,FieldSites!C:C,0)) -> 1565 | F75: =INDEX(FieldSites!G:G, MATCH(Ch2_FieldSurvey!B75,FieldSites!C:C,0)) -> -119.60139 | G75: =INDEX(FieldSites!H:H, MATCH(Ch2_FieldSurvey!B75,FieldSites!C:C,0)) -> 37.748823 | H75: 3 | I75: =CONCATENATE(B75,"_",C75,H75) -> LYFB_M. guttatus3 | J75: 44323 | K75: 0.69444444 | L75: 44324 | M75: 0.47569444 | O75: LYFB_G003 | P75: 5/7/2021 | Q75: 4:40:00 PM | R75: 5/8/2021 | S75: 11:25:00 AM | T75: 550 | U75: 5.6 | V75: 0.62 | W75: 0.1 | AA75: 1092210 | AB75: 1164549 | AC75: =(AB75-AA75)/AB75 -> 0.062117609
A76: LYFB | B76: LYFB | C76: M. guttatus | E76: =INDEX(FieldSites!F:F, MATCH(Ch2_FieldSurvey!B76,FieldSites!C:C,0)) -> 1565 | F76: =INDEX(FieldSites!G:G, MATCH(Ch2_FieldSurvey!B76,FieldSites!C:C,0)) -> -119.60139 | G76: =INDEX(FieldSites!H:H, MATCH(Ch2_FieldSurvey!B76,FieldSites!C:C,0)) -> 37.748823 | H76: 3 | I76: =CONCATENATE(B76,"_",C76,H76) -> LYFB_M. guttatus3 | J76: 44323 | K76: 0.69444444 | L76: 44324 | M76: 0.47569444 | O76: LYFB_G003 | P76: 5/7/2021 | Q76: 4:40:00 PM | R76: 5/8/2021 | S76: 11:25:00 AM | T76: 545 | U76: 8.3 | V76: 0.41 | W76: 0.3
A77: LYFB | B77: LYFB | C77: M. guttatus | E77: =INDEX(FieldSites!F:F, MATCH(Ch2_FieldSurvey!B77,FieldSites!C:C,0)) -> 1565 | F77: =INDEX(FieldSites!G:G, MATCH(Ch2_FieldSurvey!B77,FieldSites!C:C,0)) -> -119.60139 | G77: =INDEX(FieldSites!H:H, MATCH(Ch2_FieldSurvey!B77,FieldSites!C:C,0)) -> 37.748823 | H77: 3 | I77: =CONCATENATE(B77,"_",C77,H77) -> LYFB_M. guttatus3 | J77: 44323 | K77: 0.69444444 | L77: 44324 | M77: 0.47569444 | O77: LYFB_G003 | P77: 5/7/2021 | Q77: 4:40:00 PM | R77: 5/8/2021 | S77: 11:25:00 AM | T77: 580 | U77: 6.2 | V77: 0.42 | W77: 0.3
A78: LYFB | B78: LYFB | C78: M. guttatus | E78: =INDEX(FieldSites!F:F, MATCH(Ch2_FieldSurvey!B78,FieldSites!C:C,0)) -> 1565 | F78: =INDEX(FieldSites!G:G, MATCH(Ch2_FieldSurvey!B78,FieldSites!C:C,0)) -> -119.60139 | G78: =INDEX(FieldSites!H:H, MATCH(Ch2_FieldSurvey!B78,FieldSites!C:C,0)) -> 37.748823 | H78: 4 | I78: =CONCATENATE(B78,"_",C78,H78) -> LYFB_M. guttatus4 | J78: 44323 | K78: 0.69444444 | L78: 44324 | M78: 0.47916667 | O78: LYFB_G004 | P78: 5/7/2021 | Q78: 4:40:00 PM | R78: 5/8/2021 | S78: 11:30:00 AM | T78: 540 | U78: 5.7 | V78: 0.58 | W78: 0.2 | Z78: Photo taken after leaf punches | AA78: 1093961 | AB78: 1162816 | AC78: =(AB78-AA78)/AB78 -> 0.059214012
A79: LYFB | B79: LYFB | C79: M. guttatus | E79: =INDEX(FieldSites!F:F, MATCH(Ch2_FieldSurvey!B79,FieldSites!C:C,0)) -> 1565 | F79: =INDEX(FieldSites!G:G, MATCH(Ch2_FieldSurvey!B79,FieldSites!C:C,0)) -> -119.60139 | G79: =INDEX(FieldSites!H:H, MATCH(Ch2_FieldSurvey!B79,FieldSites!C:C,0)) -> 37.748823 | H79: 4 | I79: =CONCATENATE(B79,"_",C79,H79) -> LYFB_M. guttatus4 | J79: 44323 | K79: 0.69444444 | L79: 44324 | M79: 0.47916667 | O79: LYFB_G004 | P79: 5/7/2021 | Q79: 4:40:00 PM | R79: 5/8/2021 | S79: 11:30:00 AM | T79: 680 | U79: 5.3 | V79: 0.67 | W79: 0.2 | Z79: Photo taken after leaf punches
A80: LYFB | B80: LYFB | C80: M. guttatus | E80: =INDEX(FieldSites!F:F, MATCH(Ch2_FieldSurvey!B80,FieldSites!C:C,0)) -> 1565 | F80: =INDEX(FieldSites!G:G, MATCH(Ch2_FieldSurvey!B80,FieldSites!C:C,0)) -> -119.60139 | G80: =INDEX(FieldSites!H:H, MATCH(Ch2_FieldSurvey!B80,FieldSites!C:C,0)) -> 37.748823 | H80: 4 | I80: =CONCATENATE(B80,"_",C80,H80) -> LYFB_M. guttatus4 | J80: 44323 | K80: 0.69444444 | L80: 44324 | M80: 0.47916667 | O80: LYFB_G004 | P80: 5/7/2021 | Q80: 4:40:00 PM | R80: 5/8/2021 | S80: 11:30:00 AM | T80: 430 | U80: 5 | V80: 0.46 | W80: 0.3 | Z80: Photo taken after leaf punches
A81: LYFB | B81: LYFB | C81: M. guttatus | E81: =INDEX(FieldSites!F:F, MATCH(Ch2_FieldSurvey!B81,FieldSites!C:C,0)) -> 1565 | F81: =INDEX(FieldSites!G:G, MATCH(Ch2_FieldSurvey!B81,FieldSites!C:C,0)) -> -119.60139 | G81: =INDEX(FieldSites!H:H, MATCH(Ch2_FieldSurvey!B81,FieldSites!C:C,0)) -> 37.748823 | H81: 5 | I81: =CONCATENATE(B81,"_",C81,H81) -> LYFB_M. guttatus5 | J81: 44323 | K81: 0.69444444 | L81: 44324 | M81: 0.48472222 | O81: LYFB_G005 | P81: 5/7/2021 | Q81: 4:40:00 PM | R81: 5/8/2021 | S81: 11:38:00 AM | T81: 500 | U81: 5.9 | V81: 0.37 | W81: 0.2 | AA81: 1259328 | AB81: 1340380 | AC81: =(AB81-AA81)/AB81 -> 0.060469419
A82: LYFB | B82: LYFB | C82: M. guttatus | E82: =INDEX(FieldSites!F:F, MATCH(Ch2_FieldSurvey!B82,FieldSites!C:C,0)) -> 1565 | F82: =INDEX(FieldSites!G:G, MATCH(Ch2_FieldSurvey!B82,FieldSites!C:C,0)) -> -119.60139 | G82: =INDEX(FieldSites!H:H, MATCH(Ch2_FieldSurvey!B82,FieldSites!C:C,0)) -> 37.748823 | H82: 5 | I82: =CONCATENATE(B82,"_",C82,H82) -> LYFB_M. guttatus5 | J82: 44323 | K82: 0.69444444 | L82: 44324 | M82: 0.48472222 | O82: LYFB_G005 | P82: 5/7/2021 | Q82: 4:40:00 PM | R82: 5/8/2021 | S82: 11:38:00 AM | T82: 550 | U82: 4.6 | V82: 0.5 | W82: 0.3
A83: LYFB | B83: LYFB | C83: M. guttatus | E83: =INDEX(FieldSites!F:F, MATCH(Ch2_FieldSurvey!B83,FieldSites!C:C,0)) -> 1565 | F83: =INDEX(FieldSites!G:G, MATCH(Ch2_FieldSurvey!B83,FieldSites!C:C,0)) -> -119.60139 | G83: =INDEX(FieldSites!H:H, MATCH(Ch2_FieldSurvey!B83,FieldSites!C:C,0)) -> 37.748823 | H83: 5 | I83: =CONCATENATE(B83,"_",C83,H83) -> LYFB_M. guttatus5 | J83: 44323 | K83: 0.69444444 | L83: 44324 | M83: 0.48472222 | O83: LYFB_G005 | P83: 5/7/2021 | Q83: 4:40:00 PM | R83: 5/8/2021 | S83: 11:38:00 AM | T83: 420 | U83: 6.1 | V83: 0.5 | W83: 0.4
A84: HUOB | B84: HUOB | C84: M. guttatus | E84: =INDEX(FieldSites!F:F, MATCH(Ch2_FieldSurvey!B84,FieldSites!C:C,0)) -> 1851 | F84: =INDEX(FieldSites!G:G, MATCH(Ch2_FieldSurvey!B84,FieldSites!C:C,0)) -> -119.27351 | G84: =INDEX(FieldSites!H:H, MATCH(Ch2_FieldSurvey!B84,FieldSites!C:C,0)) -> 37.150723 | H84: 1 | I84: =CONCATENATE(B84,"_",C84,H84) -> HUOB_M. guttatus1 | J84: 44328 | K84: 0.58333333 | L84: 44329 | M84: 0.47083333 | O84: HUOB_G001 | P84: 5/12/2021 | Q84: 2:00:00 PM | R84: 5/13/2021 | S84: 11:18:00 AM | T84: 270 | U84: 4.2 | V84: 0.52 | W84: 0.5 | AA84: 130522 | AB84: 164027 | AC84: =(AB84-AA84)/AB84 -> 0.20426515
A85: HUOB | B85: HUOB | C85: M. guttatus | E85: =INDEX(FieldSites!F:F, MATCH(Ch2_FieldSurvey!B85,FieldSites!C:C,0)) -> 1851 | F85: =INDEX(FieldSites!G:G, MATCH(Ch2_FieldSurvey!B85,FieldSites!C:C,0)) -> -119.27351 | G85: =INDEX(FieldSites!H:H, MATCH(Ch2_FieldSurvey!B85,FieldSites!C:C,0)) -> 37.150723 | H85: 1 | I85: =CONCATENATE(B85,"_",C85,H85) -> HUOB_M. guttatus1 | J85: 44328 | K85: 0.58333333 | L85: 44329 | M85: 0.47083333 | O85: HUOB_G001 | P85: 5/12/2021 | Q85: 2:00:00 PM | R85: 5/13/2021 | S85: 11:18:00 AM | T85: 300 | U85: 4.6 | V85: 0.36 | W85: 0.5
A86: HUOB | B86: HUOB | C86: M. guttatus | E86: =INDEX(FieldSites!F:F, MATCH(Ch2_FieldSurvey!B86,FieldSites!C:C,0)) -> 1851 | F86: =INDEX(FieldSites!G:G, MATCH(Ch2_FieldSurvey!B86,FieldSites!C:C,0)) -> -119.27351 | G86: =INDEX(FieldSites!H:H, MATCH(Ch2_FieldSurvey!B86,FieldSites!C:C,0)) -> 37.150723 | H86: 1 | I86: =CONCATENATE(B86,"_",C86,H86) -> HUOB_M. guttatus1 | J86: 44328 | K86: 0.58333333 | L86: 44329 | M86: 0.47083333 | O86: HUOB_G001 | P86: 5/12/2021 | Q86: 2:00:00 PM | R86: 5/13/2021 | S86: 11:18:00 AM | T86: 360 | U86: 4.1 | V86: 0.38 | W86: 0.4
A87: HUOB | B87: HUOB | C87: M. guttatus | E87: =INDEX(FieldSites!F:F, MATCH(Ch2_FieldSurvey!B87,FieldSites!C:C,0)) -> 1851 | F87: =INDEX(FieldSites!G:G, MATCH(Ch2_FieldSurvey!B87,FieldSites!C:C,0)) -> -119.27351 | G87: =INDEX(FieldSites!H:H, MATCH(Ch2_FieldSurvey!B87,FieldSites!C:C,0)) -> 37.150723 | H87: 2 | I87: =CONCATENATE(B87,"_",C87,H87) -> HUOB_M. guttatus2 | J87: 44328 | K87: 0.58333333 | L87: 44329 | M87: 0.47222222 | O87: HUOB_G002 | P87: 5/12/2021 | Q87: 2:00:00 PM | R87: 5/13/2021 | S87: 11:20:00 AM | T87: 500 | U87: 6.2 | V87: 4.2 | W87: 0.6 | AA87: 235065 | AB87: 276330 | AC87: =(AB87-AA87)/AB87 -> 0.14933232
A88: HUOB | B88: HUOB | C88: M. guttatus | E88: =INDEX(FieldSites!F:F, MATCH(Ch2_FieldSurvey!B88,FieldSites!C:C,0)) -> 1851 | F88: =INDEX(FieldSites!G:G, MATCH(Ch2_FieldSurvey!B88,FieldSites!C:C,0)) -> -119.27351 | G88: =INDEX(FieldSites!H:H, MATCH(Ch2_FieldSurvey!B88,FieldSites!C:C,0)) -> 37.150723 | H88: 2 | I88: =CONCATENATE(B88,"_",C88,H88) -> HUOB_M. guttatus2 | J88: 44328 | K88: 0.58333333 | L88: 44329 | M88: 0.47222222 | O88: HUOB_G002 | P88: 5/12/2021 | Q88: 2:00:00 PM | R88: 5/13/2021 | S88: 11:20:00 AM | T88: 380 | U88: 7.6 | V88: 6 | W88: 0.6
A89: HUOB | B89: HUOB | C89: M. guttatus | E89: =INDEX(FieldSites!F:F, MATCH(Ch2_FieldSurvey!B89,FieldSites!C:C,0)) -> 1851 | F89: =INDEX(FieldSites!G:G, MATCH(Ch2_FieldSurvey!B89,FieldSites!C:C,0)) -> -119.27351 | G89: =INDEX(FieldSites!H:H, MATCH(Ch2_FieldSurvey!B89,FieldSites!C:C,0)) -> 37.150723 | H89: 2 | I89: =CONCATENATE(B89,"_",C89,H89) -> HUOB_M. guttatus2 | J89: 44328 | K89: 0.58333333 | L89: 44329 | M89: 0.47222222 | O89: HUOB_G002 | P89: 5/12/2021 | Q89: 2:00:00 PM | R89: 5/13/2021 | S89: 11:20:00 AM | T89: 500 | U89: 7.2 | V89: 0.45 | W89: 0.9
A90: HUOB | B90: HUOB | C90: M. guttatus | E90: =INDEX(FieldSites!F:F, MATCH(Ch2_FieldSurvey!B90,FieldSites!C:C,0)) -> 1851 | F90: =INDEX(FieldSites!G:G, MATCH(Ch2_FieldSurvey!B90,FieldSites!C:C,0)) -> -119.27351 | G90: =INDEX(FieldSites!H:H, MATCH(Ch2_FieldSurvey!B90,FieldSites!C:C,0)) -> 37.150723 | H90: 3 | I90: =CONCATENATE(B90,"_",C90,H90) -> HUOB_M. guttatus3 | J90: 44328 | K90: 0.58333333 | L90: 44329 | M90: 0.47916667 | O90: HUOB_G003 | P90: 5/12/2021 | Q90: 2:00:00 PM | R90: 5/13/2021 | S90: 11:30:00 AM | T90: 270 | U90: 3.9 | V90: 0.3 | W90: 0.3 | AA90: 267134 | AB90: 331178 | AC90: =(AB90-AA90)/AB90 -> 0.19338241
A91: HUOB | B91: HUOB | C91: M. guttatus | E91: =INDEX(FieldSites!F:F, MATCH(Ch2_FieldSurvey!B91,FieldSites!C:C,0)) -> 1851 | F91: =INDEX(FieldSites!G:G, MATCH(Ch2_FieldSurvey!B91,FieldSites!C:C,0)) -> -119.27351 | G91: =INDEX(FieldSites!H:H, MATCH(Ch2_FieldSurvey!B91,FieldSites!C:C,0)) -> 37.150723 | H91: 3 | I91: =CONCATENATE(B91,"_",C91,H91) -> HUOB_M. guttatus3 | J91: 44328 | K91: 0.58333333 | L91: 44329 | M91: 0.47916667 | O91: HUOB_G003 | P91: 5/12/2021 | Q91: 2:00:00 PM | R91: 5/13/2021 | S91: 11:30:00 AM | T91: 380 | U91: 4.3 | V91: 0.29 | W91: 0.4
A92: HUOB | B92: HUOB | C92: M. guttatus | E92: =INDEX(FieldSites!F:F, MATCH(Ch2_FieldSurvey!B92,FieldSites!C:C,0)) -> 1851 | F92: =INDEX(FieldSites!G:G, MATCH(Ch2_FieldSurvey!B92,FieldSites!C:C,0)) -> -119.27351 | G92: =INDEX(FieldSites!H:H, MATCH(Ch2_FieldSurvey!B92,FieldSites!C:C,0)) -> 37.150723 | H92: 3 | I92: =CONCATENATE(B92,"_",C92,H92) -> HUOB_M. guttatus3 | J92: 44328 | K92: 0.58333333 | L92: 44329 | M92: 0.47916667 | O92: HUOB_G003 | P92: 5/12/2021 | Q92: 2:00:00 PM | R92: 5/13/2021 | S92: 11:30:00 AM | T92: 282 | U92: 4.9 | V92: 0.28 | W92: 0.4
A93: HUOB | B93: HUOB | C93: M. guttatus | E93: =INDEX(FieldSites!F:F, MATCH(Ch2_FieldSurvey!B93,FieldSites!C:C,0)) -> 1851 | F93: =INDEX(FieldSites!G:G, MATCH(Ch2_FieldSurvey!B93,FieldSites!C:C,0)) -> -119.27351 | G93: =INDEX(FieldSites!H:H, MATCH(Ch2_FieldSurvey!B93,FieldSites!C:C,0)) -> 37.150723 | H93: 4 | I93: =CONCATENATE(B93,"_",C93,H93) -> HUOB_M. guttatus4 | J93: 44328 | K93: 0.58333333 | L93: 44329 | M93: 0.48125 | O93: HUOB_G004 | P93: 5/12/2021 | Q93: 2:00:00 PM | R93: 5/13/2021 | S93: 11:33:00 AM | T93: 290 | U93: 5.5 | V93: 0.42 | W93: 0.6 | AA93: 90458 | AB93: 96204 | AC93: =(AB93-AA93)/AB93 -> 0.059727246
A94: HUOB | B94: HUOB | C94: M. guttatus | E94: =INDEX(FieldSites!F:F, MATCH(Ch2_FieldSurvey!B94,FieldSites!C:C,0)) -> 1851 | F94: =INDEX(FieldSites!G:G, MATCH(Ch2_FieldSurvey!B94,FieldSites!C:C,0)) -> -119.27351 | G94: =INDEX(FieldSites!H:H, MATCH(Ch2_FieldSurvey!B94,FieldSites!C:C,0)) -> 37.150723 | H94: 4 | I94: =CONCATENATE(B94,"_",C94,H94) -> HUOB_M. guttatus4 | J94: 44328 | K94: 0.58333333 | L94: 44329 | M94: 0.48125 | O94: HUOB_G004 | P94: 5/12/2021 | Q94: 2:00:00 PM | R94: 5/13/2021 | S94: 11:33:00 AM | T94: 425 | U94: 6.4 | V94: 0.4 | W94: 0.7
A95: HUOB | B95: HUOB | C95: M. guttatus | E95: =INDEX(FieldSites!F:F, MATCH(Ch2_FieldSurvey!B95,FieldSites!C:C,0)) -> 1851 | F95: =INDEX(FieldSites!G:G, MATCH(Ch2_FieldSurvey!B95,FieldSites!C:C,0)) -> -119.27351 | G95: =INDEX(FieldSites!H:H, MATCH(Ch2_FieldSurvey!B95,FieldSites!C:C,0)) -> 37.150723 | H95: 4 | I95: =CONCATENATE(B95,"_",C95,H95) -> HUOB_M. guttatus4 | J95: 44328 | K95: 0.58333333 | L95: 44329 | M95: 0.48125 | O95: HUOB_G004 | P95: 5/12/2021 | Q95: 2:00:00 PM | R95: 5/13/2021 | S95: 11:33:00 AM | T95: 320 | U95: 4.7 | V95: 0.44 | W95: 0.6
A96: HUOB | B96: HUOB | C96: M. guttatus | E96: =INDEX(FieldSites!F:F, MATCH(Ch2_FieldSurvey!B96,FieldSites!C:C,0)) -> 1851 | F96: =INDEX(FieldSites!G:G, MATCH(Ch2_FieldSurvey!B96,FieldSites!C:C,0)) -> -119.27351 | G96: =INDEX(FieldSites!H:H, MATCH(Ch2_FieldSurvey!B96,FieldSites!C:C,0)) -> 37.150723 | H96: 5 | I96: =CONCATENATE(B96,"_",C96,H96) -> HUOB_M. guttatus5 | J96: 44328 | K96: 0.58333333 | L96: 44329 | M96: 0.48333333 | O96: HUOB_G005 | P96: 5/12/2021 | Q96: 2:00:00 PM | R96: 5/13/2021 | S96: 11:36:00 AM | T96: 405 | U96: 4 | V96: 0.67 | W96: 0.7 | AA96: 114060 | AB96: 141686 | AC96: =(AB96-AA96)/AB96 -> 0.19498045
A97: HUOB | B97: HUOB | C97: M. guttatus | E97: =INDEX(FieldSites!F:F, MATCH(Ch2_FieldSurvey!B97,FieldSites!C:C,0)) -> 1851 | F97: =INDEX(FieldSites!G:G, MATCH(Ch2_FieldSurvey!B97,FieldSites!C:C,0)) -> -119.27351 | G97: =INDEX(FieldSites!H:H, MATCH(Ch2_FieldSurvey!B97,FieldSites!C:C,0)) -> 37.150723 | H97: 5 | I97: =CONCATENATE(B97,"_",C97,H97) -> HUOB_M. guttatus5 | J97: 44328 | K97: 0.58333333 | L97: 44329 | M97: 0.48333333 | O97: HUOB_G005 | P97: 5/12/2021 | Q97: 2:00:00 PM | R97: 5/13/2021 | S97: 11:36:00 AM | T97: 340 | U97: 3.9 | V97: 0.58 | W97: 0.8
A98: HUOB | B98: HUOB | C98: M. guttatus | E98: =INDEX(FieldSites!F:F, MATCH(Ch2_FieldSurvey!B98,FieldSites!C:C,0)) -> 1851 | F98: =INDEX(FieldSites!G:G, MATCH(Ch2_FieldSurvey!B98,FieldSites!C:C,0)) -> -119.27351 | G98: =INDEX(FieldSites!H:H, MATCH(Ch2_FieldSurvey!B98,FieldSites!C:C,0)) -> 37.150723 | H98: 5 | I98: =CONCATENATE(B98,"_",C98,H98) -> HUOB_M. guttatus5 | J98: 44328 | K98: 0.58333333 | L98: 44329 | M98: 0.48333333 | O98: HUOB_G005 | P98: 5/12/2021 | Q98: 2:00:00 PM | R98: 5/13/2021 | S98: 11:36:00 AM | T98: 335 | U98: 4.3 | V98: 0.51 | W98: 0.7
A99: HUOB | B99: HUOB | C99: M. nasutus | E99: =INDEX(FieldSites!F:F, MATCH(Ch2_FieldSurvey!B99,FieldSites!C:C,0)) -> 1851 | F99: =INDEX(FieldSites!G:G, MATCH(Ch2_FieldSurvey!B99,FieldSites!C:C,0)) -> -119.27351 | G99: =INDEX(FieldSites!H:H, MATCH(Ch2_FieldSurvey!B99,FieldSites!C:C,0)) -> 37.150723 | H99: 1 | I99: =CONCATENATE(B99,"_",C99,H99) -> HUOB_M. nasutus1 | J99: 44328 | K99: 0.58333333 | L99: 44329 | M99: 0.48263889 | O99: HUOB_N001 | P99: 5/12/2021 | Q99: 2:00:00 PM | R99: 5/13/2021 | S99: 11:35:00 AM | T99: 330 | U99: 4.3 | V99: 0.37 | W99: 0.7 | AA99: 191716 | AB99: 240571 | AC99: =(AB99-AA99)/AB99 -> 0.20307934
A100: HUOB | B100: HUOB | C100: M. nasutus | E100: =INDEX(FieldSites!F:F, MATCH(Ch2_FieldSurvey!B100,FieldSites!C:C,0)) -> 1851 | F100: =INDEX(FieldSites!G:G, MATCH(Ch2_FieldSurvey!B100,FieldSites!C:C,0)) -> -119.27351 | G100: =INDEX(FieldSites!H:H, MATCH(Ch2_FieldSurvey!B100,FieldSites!C:C,0)) -> 37.150723 | H100: 1 | I100: =CONCATENATE(B100,"_",C100,H100) -> HUOB_M. nasutus1 | J100: 44328 | K100: 0.58333333 | L100: 44329 | M100: 0.48263889 | O100: HUOB_N001 | P100: 5/12/2021 | Q100: 2:00:00 PM | R100: 5/13/2021 | S100: 11:35:00 AM | T100: 490 | U100: 3.8 | V100: 0.46 | W100: 0.7
...

Sheet FieldSites
A1: Site_name | B1: Forest_Park | C1: Population | D1: Unique_ID | E1: Elevation_ft | F1: Elevation_m | G1: Longitude | H1: Latitude | I1: #M.laciniatus | J1: #M.guttatus | K1: #M.nasutus | L1: #M.bicolor | M1: Sympatric(Y/N) | N1: Notes
A2: Bretz Mill Road | B2: Sierra_National_Forest | C2: BML | D2: BMLZ | E2: 5643 | F2: =INDEX(FieldSites!C$34:C$100, MATCH(FieldSites!C2, FieldSites!H$34:H$100,0)) -> 1730 | G2: =INDEX(FieldSites!A$34:A$100, MATCH(FieldSites!C2, FieldSites!H$34:H$100,0)) -> -119.31401 | H2: =INDEX(FieldSites!B$34:B$100, MATCH(FieldSites!C2, FieldSites!H$34:H$100,0)) -> 37.090625 | I2: 5 | J2: 5 | K2: 0 | L2: 0 | M2: Y | N2: *aka: BML2019
A3: Shaver Lake | B3: Sierra_National_Forest | C3: SHL | D3: SHLZ | E3: 5233 | F3: =INDEX(FieldSites!C$34:C$100, MATCH(FieldSites!C3, FieldSites!H$34:H$100,0)) -> 1595 | G3: =INDEX(FieldSites!A$34:A$100, MATCH(FieldSites!C3, FieldSites!H$34:H$100,0)) -> -119.30743 | H3: =INDEX(FieldSites!B$34:B$100, MATCH(FieldSites!C3, FieldSites!H$34:H$100,0)) -> 37.145131 | I3: 5 | J3: 5 | K3: 0 | L3: 0 | M3: Y | N3: *aka: SHL2019
B4: Yosemite_National_Park | C4: FVWB | D4: FVWB | E4: 5766 | F4: =INDEX(FieldSites!C$34:C$100, MATCH(FieldSites!C4, FieldSites!H$34:H$100,0)) -> 1757 | G4: =INDEX(FieldSites!A$34:A$100, MATCH(FieldSites!C4, FieldSites!H$34:H$100,0)) -> -119.70272 | H4: =INDEX(FieldSites!B$34:B$100, MATCH(FieldSites!C4, FieldSites!H$34:H$100,0)) -> 37.698587 | I4: 1 | J4: 1 | K4: 0 | L4: 0 | M4: N
A5: Lower Yosemite Falls Trail | B5: Yosemite_National_Park | C5: LYFB | D5: LYFB | E5: 5203 | F5: =INDEX(FieldSites!C$34:C$100, MATCH(FieldSites!C5, FieldSites!H$34:H$100,0)) -> 1565 | G5: =INDEX(FieldSites!A$34:A$100, MATCH(FieldSites!C5, FieldSites!H$34:H$100,0)) -> -119.60139 | H5: =INDEX(FieldSites!B$34:B$100, MATCH(FieldSites!C5, FieldSites!H$34:H$100,0)) -> 37.748823 | I5: 0 | J5: 5 | K5: 0 | L5: 0 | M5: N
A6: Huntington Lake Overview | B6: Sierra_National_Forest | C6: HUOB | D6: HUOB | E6: 6033 | F6: =INDEX(FieldSites!C$34:C$100, MATCH(FieldSites!C6, FieldSites!H$34:H$100,0)) -> 1851 | G6: =INDEX(FieldSites!A$34:A$100, MATCH(FieldSites!C6, FieldSites!H$34:H$100,0)) -> -119.27351 | H6: =INDEX(FieldSites!B$34:B$100, MATCH(FieldSites!C6, FieldSites!H$34:H$100,0)) -> 37.150723 | I6: 0 | J6: 17 | K6: 5 | L6: 0 | M6: Y | O6: SUMMARY TABLE | P6: Population | Q6: Elevation | R6: #M.laciniatus | S6: #M.guttatus | T6: #M.nasutus | U6: #M.bicolor | V6: Sympatric(Y/N)
A7: Huntington Lake | B7: Sierra_National_Forest | C7: HULB | D7: HULB | E7: 7126 | F7: =INDEX(FieldSites!C$34:C$100, MATCH(FieldSites!C7, FieldSites!H$34:H$100,0)) -> 2178 | G7: =INDEX(FieldSites!A$34:A$100, MATCH(FieldSites!C7, FieldSites!H$34:H$100,0)) -> -119.14962 | H7: =INDEX(FieldSites!B$34:B$100, MATCH(FieldSites!C7, FieldSites!H$34:H$100,0)) -> 37.23553 | I7: 5 | J7: 5 | K7: 0 | L7: 0 | M7: Y | O7: MIN | Q7: =MIN(E2:E27) -> 2081 | R7: =MIN(I2:I27) -> 0 | S7: =MIN(J2:J27) -> 0 | T7: =MIN(K2:K27) -> 0 | U7: =MIN(L2:L27) -> 0
A8: Little Meadow | B8: Yosemite_National_Park | C8: LM | D8: LMZZ | E8: 6250 | F8: =INDEX(FieldSites!C$34:C$100, MATCH(FieldSites!C8, FieldSites!H$34:H$100,0)) -> 2157 | G8: =INDEX(FieldSites!A$34:A$100, MATCH(FieldSites!C8, FieldSites!H$34:H$100,0)) -> -119.77272 | H8: =INDEX(FieldSites!B$34:B$100, MATCH(FieldSites!C8, FieldSites!H$34:H$100,0)) -> 37.767781 | I8: 0 | J8: 10 | K8: 0 | L8: 0 | M8: N | O8: MAX | Q8: =MAX(E2:E27) -> 8442 | R8: =MAX(I2:I27) -> 20 | S8: =MAX(J2:J27) -> 17 | T8: =MAX(K2:K27) -> 11 | U8: =MAX(L2:L27) -> 10
A9: Crane Flat | B9: Yosemite_National_Park | C9: CF | D9: CFZZ | E9: 6237 | F9: =INDEX(FieldSites!C$34:C$100, MATCH(FieldSites!C9, FieldSites!H$34:H$100,0)) -> 1901 | G9: =INDEX(FieldSites!A$34:A$100, MATCH(FieldSites!C9, FieldSites!H$34:H$100,0)) -> -119.80295 | H9: =INDEX(FieldSites!B$34:B$100, MATCH(FieldSites!C9, FieldSites!H$34:H$100,0)) -> 37.755986 | I9: 0 | J9: 10 | K9: 0 | L9: 0 | M9: N | O9: TOTAL per Species | R9: =SUM(I2:I27) -> 121 | S9: =SUM(J2:J27) -> 143 | T9: =SUM(K2:K27) -> 46 | U9: =SUM(L2:L27) -> 14 | V9: 13(N) 11(Y)
A10: Angel Falls | B10: Sierra_National_Forest | C10: AGFB | D10: AGFB | E10: 3688 | F10: =INDEX(FieldSites!C$34:C$100, MATCH(FieldSites!C10, FieldSites!H$34:H$100,0)) -> 1124 | G10: =INDEX(FieldSites!A$34:A$100, MATCH(FieldSites!C10, FieldSites!H$34:H$100,0)) -> -119.57068 | H10: =INDEX(FieldSites!B$34:B$100, MATCH(FieldSites!C10, FieldSites!H$34:H$100,0)) -> 37.33823 | I10: 10 | J10: 0 | K10: 10 | L10: 0 | M10: Y | O10: TOTAL # sites | P10: =COUNTA(C2:C27) -> 26
A11: Bald Mountain | B11: Sierra_National_Forest | C11: BHEB | D11: BHEB | E11: 3967 | F11: =INDEX(FieldSites!C$34:C$100, MATCH(FieldSites!C11, FieldSites!H$34:H$100,0)) -> 1209 | G11: =INDEX(FieldSites!A$34:A$100, MATCH(FieldSites!C11, FieldSites!H$34:H$100,0)) -> -119.39323 | H11: =INDEX(FieldSites!B$34:B$100, MATCH(FieldSites!C11, FieldSites!H$34:H$100,0)) -> 37.053544 | I11: 0 | J11: 10 | K11: 10 | L11: 0 | M11: Y | O11: TOTAL | P11: =SUM(R9:U9) -> 324
A12: Hetch Hetchy B | B12: Yosemite_National_Park | C12: HHBB | D12: HHBB | E12: 3934 | F12: =INDEX(FieldSites!C$34:C$100, MATCH(FieldSites!C12, FieldSites!H$34:H$100,0)) -> 1199 | G12: =INDEX(FieldSites!A$34:A$100, MATCH(FieldSites!C12, FieldSites!H$34:H$100,0)) -> -119.77855 | H12: =INDEX(FieldSites!B$34:B$100, MATCH(FieldSites!C12, FieldSites!H$34:H$100,0)) -> 37.959056 | I12: 10 | J12: 10 | K12: 0 | L12: 0 | M12: Y
A13: Turtle Back Dome B | B13: Yosemite_National_Park | C13: TRTB | D13: TRTB | E13: 5158 | F13: =INDEX(FieldSites!C$34:C$100, MATCH(FieldSites!C13, FieldSites!H$34:H$100,0)) -> 1572 | G13: =INDEX(FieldSites!A$34:A$100, MATCH(FieldSites!C13, FieldSites!H$34:H$100,0)) -> -119.71015 | H13: =INDEX(FieldSites!B$34:B$100, MATCH(FieldSites!C13, FieldSites!H$34:H$100,0)) -> 37.700419 | I13: 1 | J13: 0 | L13: 0 | M13: N
A14: Turtle Back Dome | B14: Yosemite_National_Park | C14: TRT | D14: TRTZ | E14: 4875 | F14: =INDEX(FieldSites!C$34:C$100, MATCH(FieldSites!C14, FieldSites!H$34:H$100,0)) -> 1486 | G14: =INDEX(FieldSites!A$34:A$100, MATCH(FieldSites!C14, FieldSites!H$34:H$100,0)) -> -119.70532 | H14: =INDEX(FieldSites!B$34:B$100, MATCH(FieldSites!C14, FieldSites!H$34:H$100,0)) -> 37.716098 | I14: 10 | J14: 0 | K14: 0 | L14: 0 | M14: N | N14: * aka: TRT2019
A15: Tawonga | B15: Stanislaus_National_Forest | C15: TWGB | D15: TWGB | E15: 4793 | F15: =INDEX(FieldSites!C$34:C$100, MATCH(FieldSites!C15, FieldSites!H$34:H$100,0)) -> 1238 | G15: =INDEX(FieldSites!A$34:A$100, MATCH(FieldSites!C15, FieldSites!H$34:H$100,0)) -> -119.95131 | H15: =INDEX(FieldSites!B$34:B$100, MATCH(FieldSites!C15, FieldSites!H$34:H$100,0)) -> 37.85882 | I15: 0 | J15: 10 | K15: 0 | L15: 0 | M15: N
A16: Carson Creek | B16: Mariposa County | C16: CCRB | D16: CCRB | E16: 2081 | F16: =INDEX(FieldSites!C$34:C$100, MATCH(FieldSites!C16, FieldSites!H$34:H$100,0)) -> 666 | G16: =INDEX(FieldSites!A$34:A$100, MATCH(FieldSites!C16, FieldSites!H$34:H$100,0)) -> -119.99792 | H16: =INDEX(FieldSites!B$34:B$100, MATCH(FieldSites!C16, FieldSites!H$34:H$100,0)) -> 37.486337 | I16: 0 | J16: 0 | K16: 10 | L16: 0 | M16: N
A17: North Fork Willow Creek | B17: Sierra_National_Forest | C17: NFWB | D17: NFWB | E17: 2772 | F17: =INDEX(FieldSites!C$34:C$100, MATCH(FieldSites!C17, FieldSites!H$34:H$100,0)) -> 875 | G17: =INDEX(FieldSites!A$34:A$100, MATCH(FieldSites!C17, FieldSites!H$34:H$100,0)) -> -119.52142 | H17: =INDEX(FieldSites!B$34:B$100, MATCH(FieldSites!C17, FieldSites!H$34:H$100,0)) -> 37.257397 | I17: 7 | J17: 0 | K17: 11 | L17: 0 | M17: Y
A18: Wildcat Falls | B18: Yosemite_National_Park | C18: WCFB | D18: WCFB | E18: 4528 | F18: =INDEX(FieldSites!C$34:C$100, MATCH(FieldSites!C18, FieldSites!H$34:H$100,0)) -> 1380 | G18: =INDEX(FieldSites!A$34:A$100, MATCH(FieldSites!C18, FieldSites!H$34:H$100,0)) -> -119.71908 | H18: =INDEX(FieldSites!B$34:B$100, MATCH(FieldSites!C18, FieldSites!H$34:H$100,0)) -> 37.723593 | I18: 11 | J18: 12 | K18: 0 | L18: 0 | M18: Y
A19: Highland Drive Road | B19: Sierra_National_Forest | C19: HDRB | D19: HDRB | E19: 3284 | F19: =INDEX(FieldSites!C$34:C$100, MATCH(FieldSites!C19, FieldSites!H$34:H$100,0)) -> 1037 | G19: =INDEX(FieldSites!A$34:A$100, MATCH(FieldSites!C19, FieldSites!H$34:H$100,0)) -> -119.53471 | H19: =INDEX(FieldSites!B$34:B$100, MATCH(FieldSites!C19, FieldSites!H$34:H$100,0)) -> 37.288671 | I19: 0 | J19: 10 | K19: 0 | L19: 0 | M19: N
A20: Stoddard Spring | B20: Stanislaus_National_Forest | C20: SDSB | D20: SDSB | E20: 5511 | F20: =INDEX(FieldSites!C$34:C$100, MATCH(FieldSites!C20, FieldSites!H$34:H$100,0)) -> 1679 | G20: =INDEX(FieldSites!A$34:A$100, MATCH(FieldSites!C20, FieldSites!H$34:H$100,0)) -> -120.09461 | H20: =INDEX(FieldSites!B$34:B$100, MATCH(FieldSites!C20, FieldSites!H$34:H$100,0)) -> 38.136194 | I20: 0 | J20: 10 | K20: 0 | L20: 10 | M20: Y
A21: Crab Tree Road | B21: Stanislaus_National_Forest | C21: CCNB | D21: CCNB | E21: 6554 | F21: =INDEX(FieldSites!C$34:C$100, MATCH(FieldSites!C21, FieldSites!H$34:H$100,0)) -> 1997 | G21: =INDEX(FieldSites!A$34:A$100, MATCH(FieldSites!C21, FieldSites!H$34:H$100,0)) -> -119.96325 | H21: =INDEX(FieldSites!B$34:B$100, MATCH(FieldSites!C21, FieldSites!H$34:H$100,0)) -> 38.183927 | I21: 0 | J21: 12 | K21: 0 | L21: 4 | M21: Y
A22: Wawona School | B22: Yosemite_National_Park | C22: WSHB | D22: WSHB | E22: 4055 | F22: =INDEX(FieldSites!C$34:C$100, MATCH(FieldSites!C22, FieldSites!H$34:H$100,0)) -> 1235 | G22: =INDEX(FieldSites!A$34:A$100, MATCH(FieldSites!C22, FieldSites!H$34:H$100,0)) -> -119.64788 | H22: =INDEX(FieldSites!B$34:B$100, MATCH(FieldSites!C22, FieldSites!H$34:H$100,0)) -> 37.543343 | I22: 0 | J22: 11 | K22: 0 | L22: 0 | M22: N
A23: Onion Skins | B23: Yosemite_National_Park | C23: OSKB | D23: OSKB | E23: 7808 | F23: =INDEX(FieldSites!C$34:C$100, MATCH(FieldSites!C23, FieldSites!H$34:H$100,0)) -> 2399 | G23: =INDEX(FieldSites!A$34:A$100, MATCH(FieldSites!C23, FieldSites!H$34:H$100,0)) -> -119.59457 | H23: =INDEX(FieldSites!B$34:B$100, MATCH(FieldSites!C23, FieldSites!H$34:H$100,0)) -> 37.842693 | I23: 7 | J23: 0 | K23: 0 | L23: 0 | M23: N
A24: Spotless | B24: Yosemite_National_Park | C24: SPLB | D24: SPLB | E24: 8281 | F24: =INDEX(FieldSites!C$34:C$100, MATCH(FieldSites!C24, FieldSites!H$34:H$100,0)) -> 2348 | G24: =INDEX(FieldSites!A$34:A$100, MATCH(FieldSites!C24, FieldSites!H$34:H$100,0)) -> -119.58613 | H24: =INDEX(FieldSites!B$34:B$100, MATCH(FieldSites!C24, FieldSites!H$34:H$100,0)) -> 37.847194 | I24: 9 | J24: 0 | K24: 0 | L24: 0 | M24: N
A25: Yosemite Creek B | B25: Yosemite_National_Park | C25: YCNB | D25: YCNB | E25: 7736 | F25: =INDEX(FieldSites!C$34:C$100, MATCH(FieldSites!C25, FieldSites!H$34:H$100,0)) -> 2357 | G25: =INDEX(FieldSites!A$34:A$100, MATCH(FieldSites!C25, FieldSites!H$34:H$100,0)) -> -119.57275 | H25: =INDEX(FieldSites!B$34:B$100, MATCH(FieldSites!C25, FieldSites!H$34:H$100,0)) -> 37.843904 | I25: 10 | J25: 0 | K25: 0 | L25: 0 | M25: N
A26: The Knobs | B26: Yosemite_National_Park | C26: KNOB | D26: KNOB | E26: 8442 | F26: =INDEX(FieldSites!C$34:C$100, MATCH(FieldSites!C26, FieldSites!H$34:H$100,0)) -> 2572 | G26: =INDEX(FieldSites!A$34:A$100, MATCH(FieldSites!C26, FieldSites!H$34:H$100,0)) -> -119.44037 | H26: =INDEX(FieldSites!B$34:B$100, MATCH(FieldSites!C26, FieldSites!H$34:H$100,0)) -> 37.853852 | I26: 10 | J26: 0 | K26: 0 | L26: 0 | M26: N
A27: Olmstead Point | B27: Yosemite_National_Park | C27: OPN | D27: OPNZ | E27: 8225 | F27: =INDEX(FieldSites!C$34:C$100, MATCH(FieldSites!C27, FieldSites!H$34:H$100,0)) -> 2506 | G27: =INDEX(FieldSites!A$34:A$100, MATCH(FieldSites!C27, FieldSites!H$34:H$100,0)) -> -119.48631 | H27: =INDEX(FieldSites!B$34:B$100, MATCH(FieldSites!C27, FieldSites!H$34:H$100,0)) -> 37.807232 | I27: 20 | J27: 0 | K27: 0 | L27: 0 | M27: N
D28: * The letter Z is used as a place holder for population == Unique_ID or Sample_ID
A32: GPS_metadata
A33: X | B33: Y | C33: ele | E33: time | F33: magvar | G33: geoidheight | H33: name | I33: cmt | J33: desc
A34: -119.59457 | B34: 37.842693 | C34: 2399 | E34: 2022/06/02 19:20:56+00 | H34: OSKB | J34: Onion Skinning site. Roadside M. laciniatus population. Highly lobed.
A35: -119.71868 | B35: 37.723542 | C35: 1372 | E35: 2019/05/10 16:37:02+00 | H35: TNL2019 | J35: M. Nasutus and M. Laciniatus and some other Mimulus sp.
A36: -119.7814 | B36: 37.958448 | C36: 1202 | E36: 2022/04/20 18:35:08+00 | H36: HHAB
A37: -119.5957 | B37: 37.8264 | C37: 2203 | E37: 2019/04/19 18:32:40+00 | H37: YCN | J37: M. laciniatus reported; genotype: 6, 11, 12, 13, and 15.
A38: -119.94875 | B38: 37.865012 | C38: 1237 | E38: 2022/05/02 22:31:28+00 | H38: MDWB | J38: Mini Meadow. M. guttatus population in recovering meadow. The center of the population is a sweat bee nest.
A39: -119.63442 | B39: 37.486651 | C39: 1516 | E39: 2022/04/30 04:28:36+00 | H39: SMDB
A40: -120.09461 | B40: 38.136194 | C40: 1679 | E40: 2022/05/21 21:50:11+00 | H40: SDSB | J40: Stoddard Spring. Stanislaus Nat'l Forest. Left hand side of the road towards Pincrest on road 108. Mimulus guttatus and Mimulus bicolor on granite outcrop and granite sand.
A41: -119.30743 | B41: 37.145131 | C41: 1595 | E41: 2019/05/30 23:59:22+00 | H41: SHL | I41: SHL2019 | J41: Easily accesible. Found M. nasutus, M. laciniatus amd M. bicolor on site. Some specimens appear to be hybrids between M. laciniatus and M. guttatus. This is what N. Gonzales calls SHL hybrids in the Ferris lab.
A42: -119.48631 | B42: 37.807232 | C42: 2506 | E42: 2019/04/19 18:32:40+00 | H42: OPN | J42: no data
A43: -119.71178 | B43: 37.701819 | C43: 1533 | E43: 2019/05/10 17:40:26+00 | H43: STD2019
A44: -119.80295 | B44: 37.755986 | C44: 1901 | E44: 2019/06/27 20:26:43+00 | H44: CF | J44: Crane Flat
A45: -119.31401 | B45: 37.090625 | C45: 1730 | E45: 2019/05/31 17:31:04+00 | H45: BML | I45: BML2019 HYBRID | J45: Disturbed site by construction and minor logging. laciniatus and Guttatus hybrids, potentially some Nasutus. M. bicolor also present.
A46: -119.70272 | B46: 37.698587 | C46: 1757 | E46: 2021/05/03 21:31:19+00 | H46: FVWB
A47: -119.60693 | B47: 37.513854 | C47: 1937 | E47: 2022/05/08 19:23:50+00 | H47: MGTB | J47: Mariposa Grove Trail. M. guttatus population off the side of trail in granite outcrop in diraction towards Mariposa tree.
A48: -119.44037 | B48: 37.853852 | C48: 2572 | E48: 2022/06/14 23:08:35+00 | H48: KNOB | J48: M. laciniatus.
A49: -119.57275 | B49: 37.843904 | C49: 2357 | E49: 2022/06/02 18:10:25+00 | H49: YCNB | J49: Mimulus laciniatus sampled for field survey by Bolívar. This path of flowers is about 40m up and left of YCN site. There is some M. primuloides, oschatus and breweri.
A50: -119.57068 | B50: 37.33823 | C50: 1124 | E50: 2022/04/22 18:56:35+00 | H50: AGFB
A51: -119.95301 | B51: 37.874426 | C51: 830 | E51: 2022/05/02 20:55:39+00 | H51: NTWB | J51: M. nasutus wall on Cherry Lake Rd. Water flowing
A52: -119.57312 | B52: 37.843702 | C52: 2353 | E52: 2021/04/06 19:35:37+00 | H52: Yosemite Creek Site | J52: Mimulus laciniatus and M. Breweri.around. Same site as YCN2019.
A53: -119.96325 | B53: 38.183927 | C53: 1997 | E53: 2022/05/21 23:47:03+00 | H53: CCNB | J53: Cross Country site on Crabtree road (04N26). Mimulus guttatus on moss outcrop/sedimented granite. various patches of 15'×15' along creek slope. about 300ft from Crabtree road.
A54: -119.60139 | B54: 37.748823 | C54: 1565 | E54: 2021/05/07 23:43:36+00 | H54: LYFB | J54: Lower Yosemite falls trail. Mimulus guttatus population on the trail.
A55: -119.71015 | B55: 37.700419 | C55: 1572 | E55: 2021/05/03 17:05:26+00 | H55: TRTB
A56: -119.24758 | B56: 37.210521 | C56: 1619 | E56: 2021/05/12 18:23:13+00 | H56: BCKB | J56: M. nasutus population
A57: -119.58613 | B57: 37.847194 | C57: 2348 | E57: 2022/06/02 19:02:48+00 | H57: SPLB | J57: Spotless Laciniatus population. Hence the name. Mimulus laciniatus. Maybe M. filicifolious. On the left side of the road on the way to YCN. Also Mimulus breweri.
A58: -119.77855 | B58: 37.959056 | C58: 1199 | E58: 2022/04/20 20:24:14+00 | H58: HHBB
A59: -119.22122 | B59: 37.03346 | C59: 1220 | E59: 2022/05/01 18:43:31+00 | H59: PETB
A60: -119.77272 | B60: 37.767781 | C60: 2157 | E60: 2019/06/27 23:56:12+00 | H60: LM | J60: No mimulus data
A61: -119.13102 | B61: 37.0511 | C61: 1978 | E61: 2022/05/01 18:40:27+00 | H61: DNKB
A62: -119.71908 | B62: 37.723593 | C62: 1380 | E62: 2021/04/24 20:20:45+00 | H62: WCFB | J62: Wildcat Falls. M. Nasutus and M. Laciniatus and some other Mimulus sp. Previously WWRB 2. ALSO, CLOSE OR COULD BE CONSIDERED TNL2019
A63: -119.62469 | B63: 37.565626 | C63: 1808 | E63: 2021/05/09 19:07:05+00 | H63: CHFB
A64: -119.5527 | B64: 37.139999 | C64: 596 | E64: 2019/04/19 18:32:40+00 | H64: SBL
A65: -119.57314 | B65: 37.843681 | C65: 2353 | E65: 2019/06/27 22:44:40+00 | H65: YCNB | I65: YCN 2019 | J65: 2020 data indicates potential M. lacinatus
A66: -119.86726 | B66: 37.857233 | C66: 1346 | E66: 2021/04/24 22:52:01+00 | H66: MFCB
A67: -119.70532 | B67: 37.716098 | C67: 1486 | E67: 2019/05/10 17:11:31+00 | H67: TRT | I67: TRT2019
A68: -119.77621 | B68: 37.959704 | C68: 1216 | E68: 2022/04/20 20:19:52+00 | H68: HHCB
A69: -119.31504 | B69: 37.090509 | C69: 1720 | E69: 2019/05/31 16:09:01+00 | H69: BML2019 | J69: Bretz Mill Road. Bicolor mimulus and M.laciniatus sympatric population
A70: -119.14962 | B70: 37.23553 | C70: 2178 | E70: 2021/05/12 21:09:52+00 | H70: HULB
A71: -119.27351 | B71: 37.150723 | C71: 1851 | E71: 2021/05/12 21:10:51+00 | H71: HUOB | J71: Huntington Lake Overview Mimulus guttatus and Mimulus nasutus on the side of the road. Granite wall about 50m long overlooking Shaver Lake. The site is named Huntington Lake Overview, but is not said lake. although, is is on Huntington Lake Road. #168
A72: -119.53471 | B72: 37.288671 | C72: 1037 | E72: 2022/05/12 20:27:16+00 | H72: HDRB | J72: Highland Drive Road. Sierra Nat'l Forest. Granite outcrop on side of the road. M.guttatus/nasutus
A73: -119.39323 | B73: 37.053544 | C73: 1209 | E73: 2022/04/22 22:34:43+00 | H73: BHEB | J73: Bald Mountain M. guttatus and M. nasutus population on "The Four Lane"
A74: -119.95131 | B74: 37.85882 | C74: 1238 | E74: 2022/05/02 20:22:33+00 | H74: TWGB | J74: M. guttatus population on right side of the road on way to Camp Tawonga. some have square-ish stems but reproductive parts are much like guttatus.
A75: -119.52142 | B75: 37.257397 | C75: 875 | E75: 2022/05/12 19:19:41+00 | H75: NFWB
A76: -119.64788 | B76: 37.543343 | C76: 1235 | E76: 2022/04/29 17:23:50+00 | H76: WSHB | J76: Mimulus guttatus population. Identified by Katie Ferris in June 2021. This population is by the swimming hole in front of the school in Wawona.
A77: -119.99792 | B77: 37.486337 | C77: 666 | E77: 2022/05/05 23:40:45+00 | H77: CCRB | J77: Carson Creek 140 road

Sheet clean_site_lat_long
A1: Site_name | B1: Forest_Park | C1: Population | D1: Unique_ID | E1: Elevation_ft | F1: Elevation_m | G1: Longitude | H1: Latitude | I1: M.laciniatus | J1: M.guttatus | K1: M.nasutus | L1: M.bicolor | M1: Sympatric | N1: Notes
A2: Bretz Mill Road | B2: Sierra_National_Forest | C2: BML | D2: BMLZ | E2: 5643 | F2: =INDEX(FieldSites!C$34:C$100, MATCH(FieldSites!C2, FieldSites!H$34:H$100,0)) -> 1730 | G2: =INDEX(FieldSites!A$34:A$100, MATCH(FieldSites!C2, FieldSites!H$34:H$100,0)) -> -119.31401 | H2: =INDEX(FieldSites!B$34:B$100, MATCH(FieldSites!C2, FieldSites!H$34:H$100,0)) -> 37.090625 | I2: 5 | J2: 5 | K2: 0 | L2: 0 | M2: Y | N2: *aka: BML2019
A3: Shaver Lake | B3: Sierra_National_Forest | C3: SHL | D3: SHLZ | E3: 5233 | F3: =INDEX(FieldSites!C$34:C$100, MATCH(FieldSites!C3, FieldSites!H$34:H$100,0)) -> 1595 | G3: =INDEX(FieldSites!A$34:A$100, MATCH(FieldSites!C3, FieldSites!H$34:H$100,0)) -> -119.30743 | H3: =INDEX(FieldSites!B$34:B$100, MATCH(FieldSites!C3, FieldSites!H$34:H$100,0)) -> 37.145131 | I3: 5 | J3: 5 | K3: 0 | L3: 0 | M3: Y | N3: *aka: SHL2019
B4: Yosemite_National_Park | C4: FVWB | D4: FVWB | E4: 5766 | F4: =INDEX(FieldSites!C$34:C$100, MATCH(FieldSites!C4, FieldSites!H$34:H$100,0)) -> 1757 | G4: =INDEX(FieldSites!A$34:A$100, MATCH(FieldSites!C4, FieldSites!H$34:H$100,0)) -> -119.70272 | H4: =INDEX(FieldSites!B$34:B$100, MATCH(FieldSites!C4, FieldSites!H$34:H$100,0)) -> 37.698587 | I4: 1 | J4: 1 | K4: 0 | L4: 0 | M4: N
A5: Lower Yosemite Falls Trail | B5: Yosemite_National_Park | C5: LYFB | D5: LYFB | E5: 5203 | F5: =INDEX(FieldSites!C$34:C$100, MATCH(FieldSites!C5, FieldSites!H$34:H$100,0)) -> 1565 | G5: =INDEX(FieldSites!A$34:A$100, MATCH(FieldSites!C5, FieldSites!H$34:H$100,0)) -> -119.60139 | H5: =INDEX(FieldSites!B$34:B$100, MATCH(FieldSites!C5, FieldSites!H$34:H$100,0)) -> 37.748823 | I5: 0 | J5: 5 | K5: 0 | L5: 0 | M5: N
A6: Huntington Lake Overview | B6: Sierra_National_Forest | C6: HUOB | D6: HUOB | E6: 6033 | F6: =INDEX(FieldSites!C$34:C$100, MATCH(FieldSites!C6, FieldSites!H$34:H$100,0)) -> 1851 | G6: =INDEX(FieldSites!A$34:A$100, MATCH(FieldSites!C6, FieldSites!H$34:H$100,0)) -> -119.27351 | H6: =INDEX(FieldSites!B$34:B$100, MATCH(FieldSites!C6, FieldSites!H$34:H$100,0)) -> 37.150723 | I6: 0 | J6: 17 | K6: 5 | L6: 0 | M6: Y
A7: Huntington Lake | B7: Sierra_National_Forest | C7: HULB | D7: HULB | E7: 7126 | F7: =INDEX(FieldSites!C$34:C$100, MATCH(FieldSites!C7, FieldSites!H$34:H$100,0)) -> 2178 | G7: =INDEX(FieldSites!A$34:A$100, MATCH(FieldSites!C7, FieldSites!H$34:H$100,0)) -> -119.14962 | H7: =INDEX(FieldSites!B$34:B$100, MATCH(FieldSites!C7, FieldSites!H$34:H$100,0)) -> 37.23553 | I7: 5 | J7: 5 | K7: 0 | L7: 0 | M7: Y
A8: Little Meadow | B8: Yosemite_National_Park | C8: LM | D8: LMZZ | E8: 6250 | F8: =INDEX(FieldSites!C$34:C$100, MATCH(FieldSites!C8, FieldSites!H$34:H$100,0)) -> 2157 | G8: =INDEX(FieldSites!A$34:A$100, MATCH(FieldSites!C8, FieldSites!H$34:H$100,0)) -> -119.77272 | H8: =INDEX(FieldSites!B$34:B$100, MATCH(FieldSites!C8, FieldSites!H$34:H$100,0)) -> 37.767781 | I8: 0 | J8: 10 | K8: 0 | L8: 0 | M8: N
A9: Crane Flat | B9: Yosemite_National_Park | C9: CF | D9: CFZZ | E9: 6237 | F9: =INDEX(FieldSites!C$34:C$100, MATCH(FieldSites!C9, FieldSites!H$34:H$100,0)) -> 1901 | G9: =INDEX(FieldSites!A$34:A$100, MATCH(FieldSites!C9, FieldSites!H$34:H$100,0)) -> -119.80295 | H9: =INDEX(FieldSites!B$34:B$100, MATCH(FieldSites!C9, FieldSites!H$34:H$100,0)) -> 37.755986 | I9: 0 | J9: 10 | K9: 0 | L9: 0 | M9: N
A10: Angel Falls | B10: Sierra_National_Forest | C10: AGFB | D10: AGFB | E10: 3688 | F10: =INDEX(FieldSites!C$34:C$100, MATCH(FieldSites!C10, FieldSites!H$34:H$100,0)) -> 1124 | G10: =INDEX(FieldSites!A$34:A$100, MATCH(FieldSites!C10, FieldSites!H$34:H$100,0)) -> -119.57068 | H10: =INDEX(FieldSites!B$34:B$100, MATCH(FieldSites!C10, FieldSites!H$34:H$100,0)) -> 37.33823 | I10: 10 | J10: 0 | K10: 10 | L10: 0 | M10: Y
C11: BHEB | D11: BHEB | E11: 3967 | F11: =INDEX(FieldSites!C$34:C$100, MATCH(FieldSites!C11, FieldSites!H$34:H$100,0)) -> 1209 | G11: =INDEX(FieldSites!A$34:A$100, MATCH(FieldSites!C11, FieldSites!H$34:H$100,0)) -> -119.39323 | H11: =INDEX(FieldSites!B$34:B$100, MATCH(FieldSites!C11, FieldSites!H$34:H$100,0)) -> 37.053544 | I11: 0 | J11: 10 | K11: 10 | L11: 0 | M11: Y
A12: Hetch Hetchy B | B12: Yosemite_National_Park | C12: HHBB | D12: HHBB | E12: 3934 | F12: =INDEX(FieldSites!C$34:C$100, MATCH(FieldSites!C12, FieldSites!H$34:H$100,0)) -> 1199 | G12: =INDEX(FieldSites!A$34:A$100, MATCH(FieldSites!C12, FieldSites!H$34:H$100,0)) -> -119.77855 | H12: =INDEX(FieldSites!B$34:B$100, MATCH(FieldSites!C12, FieldSites!H$34:H$100,0)) -> 37.959056 | I12: 10 | J12: 10 | K12: 0 | L12: 0 | M12: Y
A13: Turtle Back Dome B | B13: Yosemite_National_Park | C13: TRTB | D13: TRTB | E13: 5158 | F13: =INDEX(FieldSites!C$34:C$100, MATCH(FieldSites!C13, FieldSites!H$34:H$100,0)) -> 1572 | G13: =INDEX(FieldSites!A$34:A$100, MATCH(FieldSites!C13, FieldSites!H$34:H$100,0)) -> -119.71015 | H13: =INDEX(FieldSites!B$34:B$100, MATCH(FieldSites!C13, FieldSites!H$34:H$100,0)) -> 37.700419 | I13: 1 | J13: 0 | L13: 0 | M13: N
A14: Turtle Back Dome | B14: Yosemite_National_Park | C14: TRT | D14: TRTZ | E14: 4875 | F14: =INDEX(FieldSites!C$34:C$100, MATCH(FieldSites!C14, FieldSites!H$34:H$100,0)) -> 1486 | G14: =INDEX(FieldSites!A$34:A$100, MATCH(FieldSites!C14, FieldSites!H$34:H$100,0)) -> -119.70532 | H14: =INDEX(FieldSites!B$34:B$100, MATCH(FieldSites!C14, FieldSites!H$34:H$100,0)) -> 37.716098 | I14: 10 | J14: 0 | K14: 0 | L14: 0 | M14: N | N14: * aka: TRT2019
A15: Tawonga | B15: Stanislaus_National_Forest | C15: TWGB | D15: TWGB | E15: 4793 | F15: =INDEX(FieldSites!C$34:C$100, MATCH(FieldSites!C15, FieldSites!H$34:H$100,0)) -> 1238 | G15: =INDEX(FieldSites!A$34:A$100, MATCH(FieldSites!C15, FieldSites!H$34:H$100,0)) -> -119.95131 | H15: =INDEX(FieldSites!B$34:B$100, MATCH(FieldSites!C15, FieldSites!H$34:H$100,0)) -> 37.85882 | I15: 0 | J15: 10 | K15: 0 | L15: 0 | M15: N
A16: Carson Creek | B16: Mariposa County | C16: CCRB | D16: CCRB | E16: 2081 | F16: =INDEX(FieldSites!C$34:C$100, MATCH(FieldSites!C16, FieldSites!H$34:H$100,0)) -> 666 | G16: =INDEX(FieldSites!A$34:A$100, MATCH(FieldSites!C16, FieldSites!H$34:H$100,0)) -> -119.99792 | H16: =INDEX(FieldSites!B$34:B$100, MATCH(FieldSites!C16, FieldSites!H$34:H$100,0)) -> 37.486337 | I16: 0 | J16: 0 | K16: 10 | L16: 0 | M16: N
A17: North Fork Willow Creek | B17: Sierra_National_Forest | C17: NFWB | D17: NFWB | E17: 2772 | F17: =INDEX(FieldSites!C$34:C$100, MATCH(FieldSites!C17, FieldSites!H$34:H$100,0)) -> 875 | G17: =INDEX(FieldSites!A$34:A$100, MATCH(FieldSites!C17, FieldSites!H$34:H$100,0)) -> -119.52142 | H17: =INDEX(FieldSites!B$34:B$100, MATCH(FieldSites!C17, FieldSites!H$34:H$100,0)) -> 37.257397 | I17: 7 | J17: 0 | K17: 11 | L17: 0 | M17: Y
A18: Wildcat Falls | B18: Yosemite_National_Park | C18: WCFB | D18: WCFB | E18: 4528 | F18: =INDEX(FieldSites!C$34:C$100, MATCH(FieldSites!C18, FieldSites!H$34:H$100,0)) -> 1380 | G18: =INDEX(FieldSites!A$34:A$100, MATCH(FieldSites!C18, FieldSites!H$34:H$100,0)) -> -119.71908 | H18: =INDEX(FieldSites!B$34:B$100, MATCH(FieldSites!C18, FieldSites!H$34:H$100,0)) -> 37.723593 | I18: 11 | J18: 12 | K18: 0 | L18: 0 | M18: Y
A19: Highland Drive Road | B19: Sierra_National_Forest | C19: HDRB | D19: HDRB | E19: 3284 | F19: =INDEX(FieldSites!C$34:C$100, MATCH(FieldSites!C19, FieldSites!H$34:H$100,0)) -> 1037 | G19: =INDEX(FieldSites!A$34:A$100, MATCH(FieldSites!C19, FieldSites!H$34:H$100,0)) -> -119.53471 | H19: =INDEX(FieldSites!B$34:B$100, MATCH(FieldSites!C19, FieldSites!H$34:H$100,0)) -> 37.288671 | I19: 0 | J19: 10 | K19: 0 | L19: 0 | M19: N
A20: Stoddard Spring | B20: Stanislaus_National_Forest | C20: SDSB | D20: SDSB | E20: 5511 | F20: =INDEX(FieldSites!C$34:C$100, MATCH(FieldSites!C20, FieldSites!H$34:H$100,0)) -> 1679 | G20: =INDEX(FieldSites!A$34:A$100, MATCH(FieldSites!C20, FieldSites!H$34:H$100,0)) -> -120.09461 | H20: =INDEX(FieldSites!B$34:B$100, MATCH(FieldSites!C20, FieldSites!H$34:H$100,0)) -> 38.136194 | I20: 0 | J20: 10 | K20: 0 | L20: 10 | M20: Y
A21: Crab Tree Road | B21: Stanislaus_National_Forest | C21: CCNB | D21: CCNB | E21: 6554 | F21: =INDEX(FieldSites!C$34:C$100, MATCH(FieldSites!C21, FieldSites!H$34:H$100,0)) -> 1997 | G21: =INDEX(FieldSites!A$34:A$100, MATCH(FieldSites!C21, FieldSites!H$34:H$100,0)) -> -119.96325 | H21: =INDEX(FieldSites!B$34:B$100, MATCH(FieldSites!C21, FieldSites!H$34:H$100,0)) -> 38.183927 | I21: 0 | J21: 12 | K21: 0 | L21: 4 | M21: Y
A22: Wawona School | B22: Yosemite_National_Park | C22: WSHB | D22: WSHB | E22: 4055 | F22: =INDEX(FieldSites!C$34:C$100, MATCH(FieldSites!C22, FieldSites!H$34:H$100,0)) -> 1235 | G22: =INDEX(FieldSites!A$34:A$100, MATCH(FieldSites!C22, FieldSites!H$34:H$100,0)) -> -119.64788 | H22: =INDEX(FieldSites!B$34:B$100, MATCH(FieldSites!C22, FieldSites!H$34:H$100,0)) -> 37.543343 | I22: 0 | J22: 11 | K22: 0 | L22: 0 | M22: N
A23: Onion Skins | B23: Yosemite_National_Park | C23: OSKB | D23: OSKB | E23: 7808 | F23: =INDEX(FieldSites!C$34:C$100, MATCH(FieldSites!C23, FieldSites!H$34:H$100,0)) -> 2399 | G23: =INDEX(FieldSites!A$34:A$100, MATCH(FieldSites!C23, FieldSites!H$34:H$100,0)) -> -119.59457 | H23: =INDEX(FieldSites!B$34:B$100, MATCH(FieldSites!C23, FieldSites!H$34:H$100,0)) -> 37.842693 | I23: 7 | J23: 0 | K23: 0 | L23: 0 | M23: N
A24: Spotless | B24: Yosemite_National_Park | C24: SPLB | D24: SPLB | E24: 8281 | F24: =INDEX(FieldSites!C$34:C$100, MATCH(FieldSites!C24, FieldSites!H$34:H$100,0)) -> 2348 | G24: =INDEX(FieldSites!A$34:A$100, MATCH(FieldSites!C24, FieldSites!H$34:H$100,0)) -> -119.58613 | H24: =INDEX(FieldSites!B$34:B$100, MATCH(FieldSites!C24, FieldSites!H$34:H$100,0)) -> 37.847194 | I24: 9 | J24: 0 | K24: 0 | L24: 0 | M24: N
A25: Yosemite Creek B | B25: Yosemite_National_Park | C25: YCNB | D25: YCNB | E25: 7736 | F25: =INDEX(FieldSites!C$34:C$100, MATCH(FieldSites!C25, FieldSites!H$34:H$100,0)) -> 2357 | G25: =INDEX(FieldSites!A$34:A$100, MATCH(FieldSites!C25, FieldSites!H$34:H$100,0)) -> -119.57275 | H25: =INDEX(FieldSites!B$34:B$100, MATCH(FieldSites!C25, FieldSites!H$34:H$100,0)) -> 37.843904 | I25: 10 | J25: 0 | K25: 0 | L25: 0 | M25: N
A26: The Knobs | B26: Yosemite_National_Park | C26: KNOB | D26: KNOB | E26: 8442 | F26: =INDEX(FieldSites!C$34:C$100, MATCH(FieldSites!C26, FieldSites!H$34:H$100,0)) -> 2572 | G26: =INDEX(FieldSites!A$34:A$100, MATCH(FieldSites!C26, FieldSites!H$34:H$100,0)) -> -119.44037 | H26: =INDEX(FieldSites!B$34:B$100, MATCH(FieldSites!C26, FieldSites!H$34:H$100,0)) -> 37.853852 | I26: 10 | J26: 0 | K26: 0 | L26: 0 | M26: N
A27: Olmstead Point | B27: Yosemite_National_Park | C27: OPN | D27: OPNZ | E27: 8225 | F27: =INDEX(FieldSites!C$34:C$100, MATCH(FieldSites!C27, FieldSites!H$34:H$100,0)) -> 2506 | G27: =INDEX(FieldSites!A$34:A$100, MATCH(FieldSites!C27, FieldSites!H$34:H$100,0)) -> -119.48631 | H27: =INDEX(FieldSites!B$34:B$100, MATCH(FieldSites!C27, FieldSites!H$34:H$100,0)) -> 37.807232 | I27: 20 | J27: 0 | K27: 0 | L27: 0 | M27: N
B29: *Detailed information on sites can be found in /field_data/gps_points/mim2_lat_long.csv

Sheet Sheet1
A1: AGFB | B1: L | C1: 10 | D1: {=INDEX(FieldSites!E:E, MATCH(Sheet1!A1, FieldSites!C:C,0))} -> 3688
A2: AGFB | B2: L | C2: 5 | D2: {=INDEX(FieldSites!E:E, MATCH(Sheet1!A2, FieldSites!C:C,0))} -> 3688
A3: AGFB | B3: N | C3: 3 | D3: {=INDEX(FieldSites!E:E, MATCH(Sheet1!A3, FieldSites!C:C,0))} -> 3688
A4: BHEB | B4: G | C4: 2 | D4: {=INDEX(FieldSites!E:E, MATCH(Sheet1!A4, FieldSites!C:C,0))} -> 3967
A5: BHEB | B5: G | C5: 3 | D5: {=INDEX(FieldSites!E:E, MATCH(Sheet1!A5, FieldSites!C:C,0))} -> 3967
A6: BHEB | B6: G | C6: 6 | D6: {=INDEX(FieldSites!E:E, MATCH(Sheet1!A6, FieldSites!C:C,0))} -> 3967
A7: BHEB | B7: G | C7: 7 | D7: {=INDEX(FieldSites!E:E, MATCH(Sheet1!A7, FieldSites!C:C,0))} -> 3967
A8: BHEB | B8: G | C8: 8 | D8: {=INDEX(FieldSites!E:E, MATCH(Sheet1!A8, FieldSites!C:C,0))} -> 3967
A9: BHEB | B9: G | C9: 9 | D9: {=INDEX(FieldSites!E:E, MATCH(Sheet1!A9, FieldSites!C:C,0))} -> 3967
A10: BHEB | B10: N | C10: 2 | D10: {=INDEX(FieldSites!E:E, MATCH(Sheet1!A10, FieldSites!C:C,0))} -> 3967
A11: BHEB | B11: N | C11: 4 | D11: {=INDEX(FieldSites!E:E, MATCH(Sheet1!A11, FieldSites!C:C,0))} -> 3967
A12: BHEB | B12: N | C12: 5 | D12: {=INDEX(FieldSites!E:E, MATCH(Sheet1!A12, FieldSites!C:C,0))} -> 3967
... A14: BHEB | B14: N | C14: 8 | D14: {=INDEX(FieldSites!E:E, MATCH(Sheet1!A14, FieldSites!C:C,0))} -> 3967
A15: C-10082022 | D15: {=INDEX(FieldSites!E:E, MATCH(Sheet1!A15, FieldSites!C:C,0))} -> #N/A
A16: C-11052022 | D16: {=INDEX(FieldSites!E:E, MATCH(Sheet1!A16, FieldSites!C:C,0))} -> #N/A
A17: C-8262022 | D17: {=INDEX(FieldSites!E:E, MATCH(Sheet1!A17, FieldSites!C:C,0))} -> #N/A
A18: C-9302022 | D18: {=INDEX(FieldSites!E:E, MATCH(Sheet1!A18, FieldSites!C:C,0))} -> #N/A
A19: C-A12192022 | D19: {=INDEX(FieldSites!E:E, MATCH(Sheet1!A19, FieldSites!C:C,0))} -> #N/A
A20: CCNB | B20: G | C20: 4 | D20: {=INDEX(FieldSites!E:E, MATCH(Sheet1!A20, FieldSites!C:C,0))} -> 6554
A21: CCRB | B21: N | C21: 1 | D21: {=INDEX(FieldSites!E:E, MATCH(Sheet1!A21, FieldSites!C:C,0))} -> 2081
A22: CCRB | B22: N | C22: 1 | D22: {=INDEX(FieldSites!E:E, MATCH(Sheet1!A22, FieldSites!C:C,0))} -> 2081
A23: CCRB | B23: N | C23: 2 | D23: {=INDEX(FieldSites!E:E, MATCH(Sheet1!A23, FieldSites!C:C,0))} -> 2081
A24: CCRB | B24: N | C24: 3 | D24: {=INDEX(FieldSites!E:E, MATCH(Sheet1!A24, FieldSites!C:C,0))} -> 2081
A25: CCRB | B25: N | C25: 6 | D25: {=INDEX(FieldSites!E:E, MATCH(Sheet1!A25, FieldSites!C:C,0))} -> 2081
A26: CCRB | B26: N | C26: 7 | D26: {=INDEX(FieldSites!E:E, MATCH(Sheet1!A26, FieldSites!C:C,0))} -> 2081
A27: HDRB | B27: G | C27: 1 | D27: {=INDEX(FieldSites!E:E, MATCH(Sheet1!A27, FieldSites!C:C,0))} -> 3284
A28: HDRB | B28: G | C28: 10 | D28: {=INDEX(FieldSites!E:E, MATCH(Sheet1!A28, FieldSites!C:C,0))} -> 3284
A29: HDRB | B29: G | C29: 2 | D29: {=INDEX(FieldSites!E:E, MATCH(Sheet1!A29, FieldSites!C:C,0))} -> 3284
A30: HDRB | B30: G | C30: 2 | D30: {=INDEX(FieldSites!E:E, MATCH(Sheet1!A30, FieldSites!C:C,0))} -> 3284
A31: HDRB | B31: G | C31: 5 | D31: {=INDEX(FieldSites!E:E, MATCH(Sheet1!A31, FieldSites!C:C,0))} -> 3284
... A56: OSKB | B56: L | C56: 1 | D56: {=INDEX(FieldSites!E:E, MATCH(Sheet1!A56, FieldSites!C:C,0))} -> 7808
A57: PCR- | D57: {=INDEX(FieldSites!E:E, MATCH(Sheet1!A57, FieldSites!C:C,0))} -> #N/A
A58: PCR+* | D58: {=INDEX(FieldSites!E:E, MATCH(Sheet1!A58, FieldSites!C:C,0))} -> #N/A
A59: SDSB | B59: G | C59: 10 | D59: {=INDEX(FieldSites!E:E, MATCH(Sheet1!A59, FieldSites!C:C,0))} -> 5511
A60: SDSB | B60: G | C60: 2 | D60: {=INDEX(FieldSites!E:E, MATCH(Sheet1!A60, FieldSites!C:C,0))} -> 5511
A61: SDSB | B61: G | C61: 3 | D61: {=INDEX(FieldSites!E:E, MATCH(Sheet1!A61, FieldSites!C:C,0))} -> 5511
A62: SDSB | B62: G | C62: 5 | D62: {=INDEX(FieldSites!E:E, MATCH(Sheet1!A62, FieldSites!C:C,0))} -> 5511
A63: SDSB | B63: G | C63: 8 | D63: {=INDEX(FieldSites!E:E, MATCH(Sheet1!A63, FieldSites!C:C,0))} -> 5511
A64: SDSB | B64: G | C64: 9 | D64: {=INDEX(FieldSites!E:E, MATCH(Sheet1!A64, FieldSites!C:C,0))} -> 5511
A65: SPLB | B65: L | C65: 1 | D65: {=INDEX(FieldSites!E:E, MATCH(Sheet1!A65, FieldSites!C:C,0))} -> 8281
A66: SPLB | B66: L | C66: 2 | D66: {=INDEX(FieldSites!E:E, MATCH(Sheet1!A66, FieldSites!C:C,0))} -> 8281
A67: SPLB | B67: L | C67: 3 | D67: {=INDEX(FieldSites!E:E, MATCH(Sheet1!A67, FieldSites!C:C,0))} -> 8281
A68: SPLB | B68: L | C68: 5 | D68: {=INDEX(FieldSites!E:E, MATCH(Sheet1!A68, FieldSites!C:C,0))} -> 8281
A69: SPLB | B69: L | C69: 6 | D69: {=INDEX(FieldSites!E:E, MATCH(Sheet1!A69, FieldSites!C:C,0))} -> 8281
A70: SPLB | B70: L | C70: 7 | D70: {=INDEX(FieldSites!E:E, MATCH(Sheet1!A70, FieldSites!C:C,0))} -> 8281
... A96: WSHB | B96: G | C96: 8 | D96: {=INDEX(FieldSites!E:E, MATCH(Sheet1!A96, FieldSites!C:C,0))} -> 4055
A98: AGFB | D98: {=INDEX(FieldSites!E:E, MATCH(Sheet1!A98, FieldSites!C:C,0))} -> 3688 | G98: CCRB | H98: 2081
A99: BHEB | D99: {=INDEX(FieldSites!E:E, MATCH(Sheet1!A99, FieldSites!C:C,0))} -> 3967 | G99: NFWB | H99: 2772
A100: CCNB | D100: {=INDEX(FieldSites!E:E, MATCH(Sheet1!A100, FieldSites!C:C,0))} -> 6554 | G100: HDRB | H100: 3284
A101: CCRB | D101: {=INDEX(FieldSites!E:E, MATCH(Sheet1!A101, FieldSites!C:C,0))} -> 2081 | G101: AGFB | H101: 3688
A102: HDRB | D102: {=INDEX(FieldSites!E:E, MATCH(Sheet1!A102, FieldSites!C:C,0))} -> 3284 | G102: HHBB | H102: 3934
A103: HHBB | D103: {=INDEX(FieldSites!E:E, MATCH(Sheet1!A103, FieldSites!C:C,0))} -> 3934 | G103: BHEB | H103: 3967
A104: HUOB | D104: {=INDEX(FieldSites!E:E, MATCH(Sheet1!A104, FieldSites!C:C,0))} -> 6033 | G104: WSHB | H104: 4055
A105: KNOB | D105: {=INDEX(FieldSites!E:E, MATCH(Sheet1!A105, FieldSites!C:C,0))} -> 8442 | G105: WCFB | H105: 4528
A106: NFWB | D106: {=INDEX(FieldSites!E:E, MATCH(Sheet1!A106, FieldSites!C:C,0))} -> 2772 | G106: TWGB | H106: 4793
A107: OPN | D107: {=INDEX(FieldSites!E:E, MATCH(Sheet1!A107, FieldSites!C:C,0))} -> 8225 | G107: TRT | H107: 4875
A108: OSKB | D108: {=INDEX(FieldSites!E:E, MATCH(Sheet1!A108, FieldSites!C:C,0))} -> 7808 | G108: SDSB | H108: 5511
A109: SDSB | D109: {=INDEX(FieldSites!E:E, MATCH(Sheet1!A109, FieldSites!C:C,0))} -> 5511 | G109: HUOB | H109: 6033
... A114: WSHB | D114: {=INDEX(FieldSites!E:E, MATCH(Sheet1!A114, FieldSites!C:C,0))} -> 4055 | G114: KNOB | H114: 8442

Sheet DNA_PCR_progress
A1: Site | B1: Population | C1: Species | D1: Hybrid | E1: Sample | F1: Sequen_ID | G1: Unique_ID | H1: Extrac_event | I1: Sample_Date | J1: Subsampled | K1: Subsampling_Qotes | L1: Lyophilized | M1: DNA_extr | N1: Extr_date | O1: DNA_conc._ng/µl | P1: Extr_Box | Q1: Extraction_Method | R1: Extr_notes | S1: PCR1 | T1: PCR2 | V1: sample_control
B2: C- | E2: 9302022 | F2: =CONCATENATE(B2,"",C2,E2) -> C-9302022 | G2: C-9302022 | H2: 1 | I2: 44834 | J2: QA | L2: 0 | M2: 1 | N2: 44834 | O2: too low | P2: 1 | Q2: =IF(ISBLANK(N5),"",IF(N5<DATE(2023,5,1),"OLD","NEW")) -> OLD | S2: =IF(COUNTIF('[1]Plate_1-2_LongFormat'!$A$2:$A$193,G2)>0,1,0) -> 1 | T2: =IF(COUNTIF([2]Attached_indexes!$C$2:$C$193,G2)>0,1,0) -> 1 | U2: =_xlfn.T.TEST(O68:O79, O89:O91,2,2) -> 5.832148e-07 | V2: control
B3: C- | E3: 8262022 | F3: =CONCATENATE(B3,"",C3,E3) -> C-8262022 | G3: C8262022 | H3: 1 | I3: 44799 | J3: NA | L3: 0 | M3: 1 | N3: 44799 | O3: too low | P3: 1 | Q3: =IF(ISBLANK(N6),"",IF(N6<DATE(2023,5,1),"OLD","NEW")) -> OLD | S3: =IF(COUNTIF('[1]Plate_1-2_LongFormat'!$A$2:$A$193,G3)>0,1,0) -> 0 | T3: =IF(COUNTIF([2]Attached_indexes!$C$2:$C$193,G3)>0,1,0) -> 0 | U3: {=_xlfn.T.TEST(INDEX($O$37:$O$1144,MATCH("OLD",$Q$37:$Q$1144,0)):INDEX($O$37:$O$1144,MATCH("OLD",$Q$37:$Q$1144,0)+COUNTIF($Q$37:$Q$1144,"OLD")-1),INDEX($O$37:$O$1144,MATCH("NEW",$Q$37:$Q$1144,0)):INDEX($O$37:$O$1144,MATCH("NEW",$Q$37:$Q$1144,0)+COUNTIF($Q$37:$Q$1144,"NEW")-1),2,2)} -> 0.3614 | V3: control
G4: S1 | H4: 1 | I4: 44834 | J4: NA | L4: 0 | M4: 1 | N4: 44834 | O4: 30.05 | P4: 1 | Q4: =IF(ISBLANK(N7),"",IF(N7<DATE(2023,5,1),"OLD","NEW")) -> OLD | S4: =IF(COUNTIF('[1]Plate_1-2_LongFormat'!$A$2:$A$193,G4)>0,1,0) -> 0 | T4: =IF(COUNTIF([2]Attached_indexes!$C$2:$C$193,G4)>0,1,0) -> 0 | V4: control
G5: S1 | H5: 1 | I5: 44799 | J5: NA | L5: 0 | M5: 1 | N5: 44799 | O5: 27.41 | P5: 1 | Q5: =IF(ISBLANK(N5),"",IF(N5<DATE(2023,5,1),"OLD","NEW")) -> OLD | S5: =IF(COUNTIF('[1]Plate_1-2_LongFormat'!$A$2:$A$193,G5)>0,1,0) -> 0 | T5: =IF(COUNTIF([2]Attached_indexes!$C$2:$C$193,G5)>0,1,0) -> 0 | V5: control
G6: S2 | H6: 1 | I6: 44834 | J6: NA | L6: 0 | M6: 1 | N6: 44834 | O6: 13728.67 ng/mL | P6: 1 | Q6: =IF(ISBLANK(N6),"",IF(N6<DATE(2023,5,1),"OLD","NEW")) -> OLD | S6: =IF(COUNTIF('[1]Plate_1-2_LongFormat'!$A$2:$A$193,G6)>0,1,0) -> 0 | T6: =IF(COUNTIF([2]Attached_indexes!$C$2:$C$193,G6)>0,1,0) -> 0 | V6: control
G7: S2 | H7: 1 | I7: 44799 | J7: NA | L7: 0 | M7: 1 | N7: 44799 | O7: 11735.15 | P7: 1 | Q7: =IF(ISBLANK(N7),"",IF(N7<DATE(2023,5,1),"OLD","NEW")) -> OLD | S7: =IF(COUNTIF('[1]Plate_1-2_LongFormat'!$A$2:$A$193,G7)>0,1,0) -> 0 | T7: =IF(COUNTIF([2]Attached_indexes!$C$2:$C$193,G7)>0,1,0) -> 0 | V7: control
B8: C- | E8: 10082022 | F8: =CONCATENATE(B8,"",C8,E8) -> C-10082022 | G8: C10082022 | H8: 1 | I8: 44842 | J8: NA | L8: 0 | M8: 1 | N8: 44842 | O8: too low | Q8: =IF(ISBLANK(N8),"",IF(N8<DATE(2023,5,1),"OLD","NEW")) -> OLD | S8: =IF(COUNTIF('[1]Plate_1-2_LongFormat'!$A$2:$A$193,G8)>0,1,0) -> 0 | T8: =IF(COUNTIF([2]Attached_indexes!$C$2:$C$193,G8)>0,1,0) -> 0 | V8: control
F9: =CONCATENATE(B9,"",C9,E9) | G9: S1 | H9: 1 | I9: 44842 | J9: NA | L9: 0 | M9: 1 | N9: 44842 | O9: 32.62 | Q9: =IF(ISBLANK(N9),"",IF(N9<DATE(2023,5,1),"OLD","NEW")) -> OLD | S9: =IF(COUNTIF('[1]Plate_1-2_LongFormat'!$A$2:$A$193,G9)>0,1,0) -> 0 | T9: =IF(COUNTIF([2]Attached_indexes!$C$2:$C$193,G9)>0,1,0) -> 0 | V9: control
F10: =CONCATENATE(B10,"",C10,E10) | G10: S2 | H10: 1 | I10: 44842 | J10: NA | L10: 0 | M10: 1 | N10: 44842 | O10: 14010.53 | Q10: =IF(ISBLANK(N10),"",IF(N10<DATE(2023,5,1),"OLD","NEW")) -> OLD | S10: =IF(COUNTIF('[1]Plate_1-2_LongFormat'!$A$2:$A$193,G10)>0,1,0) -> 0 | T10: =IF(COUNTIF([2]Attached_indexes!$C$2:$C$193,G10)>0,1,0) -> 0 | V10: control
B11: C- | E11: 11052022 | F11: =CONCATENATE(B11,"",C11,E11) -> C-11052022 | G11: C11052022 | H11: 1 | L11: 0 | M11: 1 | N11: 44870 | O11: too low | P11: 2 | Q11: =IF(ISBLANK(N11),"",IF(N11<DATE(2023,5,1),"OLD","NEW")) -> OLD | S11: =IF(COUNTIF('[1]Plate_1-2_LongFormat'!$A$2:$A$193,G11)>0,1,0) -> 0 | T11: =IF(COUNTIF([2]Attached_indexes!$C$2:$C$193,G11)>0,1,0) -> 0 | V11: control
F12: =CONCATENATE(B12,"",C12,E12) | G12: S1 | H12: 1 | L12: 0 | M12: 1 | N12: 44870 | O12: 31.35 | Q12: =IF(ISBLANK(N12),"",IF(N12<DATE(2023,5,1),"OLD","NEW")) -> OLD | S12: =IF(COUNTIF('[1]Plate_1-2_LongFormat'!$A$2:$A$193,G12)>0,1,0) -> 0 | T12: =IF(COUNTIF([2]Attached_indexes!$C$2:$C$193,G12)>0,1,0) -> 0 | V12: control
F13: =CONCATENATE(B13,"",C13,E13) | G13: S2 | H13: 1 | L13: 0 | M13: 1 | N13: 44870 | O13: 14004.19 | Q13: =IF(ISBLANK(N13),"",IF(N13<DATE(2023,5,1),"OLD","NEW")) -> OLD | S13: =IF(COUNTIF('[1]Plate_1-2_LongFormat'!$A$2:$A$193,G13)>0,1,0) -> 0 | T13: =IF(COUNTIF([2]Attached_indexes!$C$2:$C$193,G13)>0,1,0) -> 0 | V13: control
B14: C- | E14: 12192022 | F14: =CONCATENATE(B14,"",C14,E14) -> C-12192022 | G14: C12192022 | H14: 1 | L14: 0 | M14: 1 | N14: 44914 | O14: too low | P14: 2 | Q14: =IF(ISBLANK(N14),"",IF(N14<DATE(2023,5,1),"OLD","NEW")) -> OLD | S14: =IF(COUNTIF('[1]Plate_1-2_LongFormat'!$A$2:$A$193,G14)>0,1,0) -> 0 | T14: =IF(COUNTIF([2]Attached_indexes!$C$2:$C$193,G14)>0,1,0) -> 0 | V14: control
F15: =CONCATENATE(B15,"",C15,E15) | G15: S1 | H15: 1 | L15: 0 | M15: 1 | N15: 44914 | O15: 44.61 | Q15: =IF(ISBLANK(N15),"",IF(N15<DATE(2023,5,1),"OLD","NEW")) -> OLD | S15: =IF(COUNTIF('[1]Plate_1-2_LongFormat'!$A$2:$A$193,G15)>0,1,0) -> 0 | T15: =IF(COUNTIF([2]Attached_indexes!$C$2:$C$193,G15)>0,1,0) -> 0 | V15: control
F16: =CONCATENATE(B16,"",C16,E16) | G16: S2 | H16: 1 | L16: 0 | M16: 1 | N16: 44914 | O16: 8237.26 | Q16: =IF(ISBLANK(N16),"",IF(N16<DATE(2023,5,1),"OLD","NEW")) -> OLD | S16: =IF(COUNTIF('[1]Plate_1-2_LongFormat'!$A$2:$A$193,G16)>0,1,0) -> 0 | T16: =IF(COUNTIF([2]Attached_indexes!$C$2:$C$193,G16)>0,1,0) -> 0 | V16: control
B17: C- | C17: B | E17: 12192022 | F17: =CONCATENATE(B17,"",C17,E17) -> C-B12192022 | G17: CB12192022 | H17: 1 | L17: 0 | M17: 1 | N17: 44914 | O17: too low | P17: 2 | Q17: =IF(ISBLANK(N17),"",IF(N17<DATE(2023,5,1),"OLD","NEW")) -> OLD | S17: =IF(COUNTIF('[1]Plate_1-2_LongFormat'!$A$2:$A$193,G17)>0,1,0) -> 0 | T17: =IF(COUNTIF([2]Attached_indexes!$C$2:$C$193,G17)>0,1,0) -> 0 | V17: control
B18: C- | C18: A | E18: 12192022 | F18: =CONCATENATE(B18,"",C18,E18) -> C-A12192022 | G18: CA12192022 | H18: 1 | L18: 0 | M18: 1 | N18: 44914 | O18: too low | P18: 2 | Q18: =IF(ISBLANK(N18),"",IF(N18<DATE(2023,5,1),"OLD","NEW")) -> OLD | S18: =IF(COUNTIF('[1]Plate_1-2_LongFormat'!$A$2:$A$193,G18)>0,1,0) -> 0 | T18: =IF(COUNTIF([2]Attached_indexes!$C$2:$C$193,G18)>0,1,0) -> 0 | V18: control
B19: C- | C19: A | E19: 1122023 | F19: =CONCATENATE(B19,"",C19,E19) -> C-A1122023 | G19: CA1122023 | H19: 1 | L19: 0 | M19: 1 | N19: 44938 | O19: too low | P19: 2 | Q19: =IF(ISBLANK(N19),"",IF(N19<DATE(2023,5,1),"OLD","NEW")) -> OLD | S19: =IF(COUNTIF('[1]Plate_1-2_LongFormat'!$A$2:$A$193,G19)>0,1,0) -> 0 | T19: =IF(COUNTIF([2]Attached_indexes!$C$2:$C$193,G19)>0,1,0) -> 0 | V19: control
B20: C- | C20: B | E20: 1122023 | F20: =CONCATENATE(B20,"",C20,E20) -> C-B1122023 | G20: CB1122023 | H20: 1 | L20: 0 | M20: 1 | N20: 44938 | O20: too low | Q20: =IF(ISBLANK(N20),"",IF(N20<DATE(2023,5,1),"OLD","NEW")) -> OLD | S20: =IF(COUNTIF('[1]Plate_1-2_LongFormat'!$A$2:$A$193,G20)>0,1,0) -> 0 | T20: =IF(COUNTIF([2]Attached_indexes!$C$2:$C$193,G20)>0,1,0) -> 0 | V20: control
B21: S1 | E21: 1162023 | F21: =CONCATENATE(B21,"",C21,E21) -> S11162023 | G21: =_xludf.concat(C21,D21,F21) -> #NAME? | H21: 1 | L21: 0 | M21: 0 | Q21: =IF(ISBLANK(N21),"",IF(N21<DATE(2023,5,1),"OLD","NEW")) | S21: =IF(COUNTIF('[1]Plate_1-2_LongFormat'!$A$2:$A$193,G21)>0,1,0) -> #NAME? | T21: =IF(COUNTIF([2]Attached_indexes!$C$2:$C$193,G21)>0,1,0) -> #NAME? | V21: control
B22: S2 | E22: 1162023 | F22: =CONCATENATE(B22,"",C22,E22) -> S21162023 | G22: =_xludf.concat(C22,D22,F22) -> #NAME? | H22: 1 | L22: 0 | M22: 0 | Q22: =IF(ISBLANK(N22),"",IF(N22<DATE(2023,5,1),"OLD","NEW")) | S22: =IF(COUNTIF('[1]Plate_1-2_LongFormat'!$A$2:$A$193,G22)>0,1,0) -> #NAME? | T22: =IF(COUNTIF([2]Attached_indexes!$C$2:$C$193,G22)>0,1,0) -> #NAME? | V22: control
B23: C- | E23: 2042023 | F23: =CONCATENATE(B23,"",C23,E23) -> C-2042023 | G23: =CONCATENATE(C23,"",D23,F23) -> C-2042023 | L23: 0 | M23: 1 | O23: too low | P23: 3 | Q23: =IF(ISBLANK(N23),"",IF(N23<DATE(2023,5,1),"OLD","NEW")) | S23: =IF(COUNTIF('[1]Plate_1-2_LongFormat'!$A$2:$A$193,G23)>0,1,0) -> 1 | T23: =IF(COUNTIF([2]Attached_indexes!$C$2:$C$193,G23)>0,1,0) -> 1 | V23: control
B24: S1 | E24: 2062023 | F24: =CONCATENATE(B24,"",C24,E24) -> S12062023 | G24: =CONCATENATE(C24,"",D24,F24) -> S12062023 | L24: 0 | M24: 0 | O24: 47.34 | Q24: =IF(ISBLANK(N24),"",IF(N24<DATE(2023,5,1),"OLD","NEW")) | S24: =IF(COUNTIF('[1]Plate_1-2_LongFormat'!$A$2:$A$193,G24)>0,1,0) -> 0 | T24: =IF(COUNTIF([2]Attached_indexes!$C$2:$C$193,G24)>0,1,0) -> 0 | V24: control
B25: S2 | E25: 2062023 | F25: =CONCATENATE(B25,"",C25,E25) -> S22062023 | G25: =CONCATENATE(C25,"",D25,F25) -> S22062023 | L25: 0 | M25: 0 | O25: 15899.71 | Q25: =IF(ISBLANK(N25),"",IF(N25<DATE(2023,5,1),"OLD","NEW")) | S25: =IF(COUNTIF('[1]Plate_1-2_LongFormat'!$A$2:$A$193,G25)>0,1,0) -> 0 | T25: =IF(COUNTIF([2]Attached_indexes!$C$2:$C$193,G25)>0,1,0) -> 0 | V25: control
B26: C- | E26: 1192023 | F26: =CONCATENATE(B26,"",C26,E26) -> C-1192023 | G26: =CONCATENATE(C26,"",D26,F26) -> C-1192023 | I26: 44945 | L26: 0 | M26: 1 | O26: too low | P26: 2 | Q26: =IF(ISBLANK(N26),"",IF(N26<DATE(2023,5,1),"OLD","NEW")) | S26: =IF(COUNTIF('[1]Plate_1-2_LongFormat'!$A$2:$A$193,G26)>0,1,0) -> 1 | T26: =IF(COUNTIF([2]Attached_indexes!$C$2:$C$193,G26)>0,1,0) -> 1 | V26: control
B27: S1 | E27: 1192023 | F27: =CONCATENATE(B27,"",C27,E27) -> S11192023 | G27: =CONCATENATE(C27,"",D27,F27) -> S11192023 | I27: 44945 | L27: 0 | M27: 0 | O27: 37.39 | Q27: =IF(ISBLANK(N27),"",IF(N27<DATE(2023,5,1),"OLD","NEW")) | S27: =IF(COUNTIF('[1]Plate_1-2_LongFormat'!$A$2:$A$193,G27)>0,1,0) -> 0 | T27: =IF(COUNTIF([2]Attached_indexes!$C$2:$C$193,G27)>0,1,0) -> 0 | V27: control
B28: S2 | E28: 1192023 | F28: =CONCATENATE(B28,"",C28,E28) -> S21192023 | G28: =CONCATENATE(C28,"",D28,F28) -> S21192023 | I28: 44945 | L28: 0 | M28: 0 | O28: 13796.65 | Q28: =IF(ISBLANK(N28),"",IF(N28<DATE(2023,5,1),"OLD","NEW")) | S28: =IF(COUNTIF('[1]Plate_1-2_LongFormat'!$A$2:$A$193,G28)>0,1,0) -> 0 | T28: =IF(COUNTIF([2]Attached_indexes!$C$2:$C$193,G28)>0,1,0) -> 0 | V28: control
B29: C- | E29: 3142023 | F29: =CONCATENATE(B29,"",C29,E29) -> C-3142023 | G29: C3142023 | H29: 1 | I29: 44999 | L29: 0 | M29: 1 | O29: too low | Q29: =IF(ISBLANK(N29),"",IF(N29<DATE(2023,5,1),"OLD","NEW")) | S29: =IF(COUNTIF('[1]Plate_1-2_LongFormat'!$A$2:$A$193,G29)>0,1,0) -> 0 | T29: =IF(COUNTIF([2]Attached_indexes!$C$2:$C$193,G29)>0,1,0) -> 0 | V29: control
B30: S1 | E30: 3142023 | F30: =CONCATENATE(B30,"",C30,E30) -> S13142023 | G30: S13142023 | I30: 44999 | L30: 0 | M30: 0 | O30: 33.61 | Q30: =IF(ISBLANK(N30),"",IF(N30<DATE(2023,5,1),"OLD","NEW")) | S30: =IF(COUNTIF('[1]Plate_1-2_LongFormat'!$A$2:$A$193,G30)>0,1,0) -> 0 | T30: =IF(COUNTIF([2]Attached_indexes!$C$2:$C$193,G30)>0,1,0) -> 0 | V30: control
B31: S2 | E31: 3142023 | F31: =CONCATENATE(B31,"",C31,E31) -> S23142023 | G31: S23142023 | I31: 44999 | L31: 0 | M31: 0 | O31: 13568.42 | Q31: =IF(ISBLANK(N31),"",IF(N31<DATE(2023,5,1),"OLD","NEW")) | S31: =IF(COUNTIF('[1]Plate_1-2_LongFormat'!$A$2:$A$193,G31)>0,1,0) -> 0 | T31: =IF(COUNTIF([2]Attached_indexes!$C$2:$C$193,G31)>0,1,0) -> 0 | V31: control
B32: C- | E32: 5072023 | F32: =CONCATENATE(B32,"",C32,E32) -> C-5072023 | G32: C5072023 | I32: 45053 | L32: 0 | M32: 1 | O32: too low | Q32: =IF(ISBLANK(N32),"",IF(N32<DATE(2023,5,1),"OLD","NEW")) | S32: =IF(COUNTIF('[1]Plate_1-2_LongFormat'!$A$2:$A$193,G32)>0,1,0) -> 0 | T32: =IF(COUNTIF([2]Attached_indexes!$C$2:$C$193,G32)>0,1,0) -> 0 | V32: control
B33: S1 | E33: 5072023 | F33: =CONCATENATE(B33,"",C33,E33) -> S15072023 | G33: S15072023 | I33: 45053 | L33: 0 | M33: 0 | O33: 89.5 | Q33: =IF(ISBLANK(N33),"",IF(N33<DATE(2023,5,1),"OLD","NEW")) | S33: =IF(COUNTIF('[1]Plate_1-2_LongFormat'!$A$2:$A$193,G33)>0,1,0) -> 0 | T33: =IF(COUNTIF([2]Attached_indexes!$C$2:$C$193,G33)>0,1,0) -> 0 | V33: control
B34: S2 | E34: 5072023 | F34: =CONCATENATE(B34,"",C34,E34) -> S25072023 | G34: S25072023 | I34: 45053 | L34: 0 | M34: 0 | O34: 12558.15 | Q34: =IF(ISBLANK(N34),"",IF(N34<DATE(2023,5,1),"OLD","NEW")) | S34: =IF(COUNTIF('[1]Plate_1-2_LongFormat'!$A$2:$A$193,G34)>0,1,0) -> 0 | T34: =IF(COUNTIF([2]Attached_indexes!$C$2:$C$193,G34)>0,1,0) -> 0 | V34: control
B35: C- | E35: 5102023 | F35: =CONCATENATE(B35,"",C35,E35) -> C-5102023 | G35: C5102023 | I35: 45056 | L35: 1 | M35: 1 | O35: too low | Q35: =IF(ISBLANK(N35),"",IF(N35<DATE(2023,5,1),"OLD","NEW")) | S35: =IF(COUNTIF('[1]Plate_1-2_LongFormat'!$A$2:$A$193,G35)>0,1,0) -> 0 | T35: =IF(COUNTIF([2]Attached_indexes!$C$2:$C$193,G35)>0,1,0) -> 0 | V35: control
B36: S1 | E36: 5102023 | F36: =CONCATENATE(B36,"",C36,E36) -> S15102023 | G36: S15102023 | I36: 45056 | L36: 0 | M36: 0 | O36: 29.58 | Q36: =IF(ISBLANK(N36),"",IF(N36<DATE(2023,5,1),"OLD","NEW")) | S36: =IF(COUNTIF('[1]Plate_1-2_LongFormat'!$A$2:$A$193,G36)>0,1,0) -> 0 | T36: =IF(COUNTIF([2]Attached_indexes!$C$2:$C$193,G36)>0,1,0) -> 0 | V36: control
B37: S2 | E37: 5102023 | F37: =CONCATENATE(B37,"",C37,E37) -> S25102023 | G37: S25102023 | I37: 45056 | L37: 0 | M37: 0 | O37: 12785.14 | Q37: =IF(ISBLANK(N37),"",IF(N37<DATE(2023,5,1),"OLD","NEW")) | S37: =IF(COUNTIF('[1]Plate_1-2_LongFormat'!$A$2:$A$193,G37)>0,1,0) -> 0 | T37: =IF(COUNTIF([2]Attached_indexes!$C$2:$C$193,G37)>0,1,0) -> 0 | V37: control
B38: C- | E38: 5122023 | F38: =CONCATENATE(B38,"",C38,E38) -> C-5122023 | G38: C5122023 | I38: 45058 | M38: 1 | O38: too low | S38: =IF(COUNTIF('[1]Plate_1-2_LongFormat'!$A$2:$A$193,G38)>0,1,0) -> 0 | T38: =IF(COUNTIF([2]Attached_indexes!$C$2:$C$193,G38)>0,1,0) -> 0 | V38: control
B39: S1 | E39: 5122023 | F39: =CONCATENATE(B39,"",C39,E39) -> S15122023 | G39: S15122023 | I39: 45058 | M39: 0 | O39: 49.25 | S39: =IF(COUNTIF('[1]Plate_1-2_LongFormat'!$A$2:$A$193,G39)>0,1,0) -> 0 | T39: =IF(COUNTIF([2]Attached_indexes!$C$2:$C$193,G39)>0,1,0) -> 0 | V39: control
B40: S2 | E40: 5122023 | F40: =CONCATENATE(B40,"",C40,E40) -> S25122023 | G40: S25122023 | I40: 45058 | M40: 0 | O40: 13986.07 | S40: =IF(COUNTIF('[1]Plate_1-2_LongFormat'!$A$2:$A$193,G40)>0,1,0) -> 0 | T40: =IF(COUNTIF([2]Attached_indexes!$C$2:$C$193,G40)>0,1,0) -> 0 | V40: control
B41: C- | E41: 5152023 | F41: =CONCATENATE(B41,"",C41,E41) -> C-5152023 | G41: C5152023 | I41: 45061 | M41: 1 | O41: too low | P41: 4 | S41: =IF(COUNTIF('[1]Plate_1-2_LongFormat'!$A$2:$A$193,G41)>0,1,0) -> 0 | T41: =IF(COUNTIF([2]Attached_indexes!$C$2:$C$193,G41)>0,1,0) -> 0 | V41: control
B42: S1 | E42: 5152023 | F42: =CONCATENATE(B42,"",C42,E42) -> S15152023 | G42: S15152023 | I42: 45062 | M42: 0 | O42: 30.78 | S42: =IF(COUNTIF('[1]Plate_1-2_LongFormat'!$A$2:$A$193,G42)>0,1,0) -> 0 | T42: =IF(COUNTIF([2]Attached_indexes!$C$2:$C$193,G42)>0,1,0) -> 0 | V42: control
B43: S2 | E43: 5152023 | F43: =CONCATENATE(B43,"",C43,E43) -> S25152023 | G43: S25152023 | I43: 45062 | M43: 0 | O43: 13353.41 | S43: =IF(COUNTIF('[1]Plate_1-2_LongFormat'!$A$2:$A$193,G43)>0,1,0) -> 0 | T43: =IF(COUNTIF([2]Attached_indexes!$C$2:$C$193,G43)>0,1,0) -> 0 | V43: control
B44: C- | E44: 5252023 | F44: =CONCATENATE(B44,"",C44,E44) -> C-5252023 | G44: =CONCATENATE(C44,"",D44,F44) -> C-5252023 | I44: 45071 | M44: 1 | O44: too low | P44: 4 | S44: =IF(COUNTIF('[1]Plate_1-2_LongFormat'!$A$2:$A$193,G44)>0,1,0) -> 0 | T44: =IF(COUNTIF([2]Attached_indexes!$C$2:$C$193,G44)>0,1,0) -> 0 | V44: control
B45: S1 | E45: 5252023 | F45: =CONCATENATE(B45,"",C45,E45) -> S15252023 | G45: =CONCATENATE(C45,"",D45,F45) -> S15252023 | I45: 45071 | M45: 0 | O45: 36.17 | S45: =IF(COUNTIF('[1]Plate_1-2_LongFormat'!$A$2:$A$193,G45)>0,1,0) -> 0 | T45: =IF(COUNTIF([2]Attached_indexes!$C$2:$C$193,G45)>0,1,0) -> 0 | V45: control
B46: S2 | E46: 5252023 | F46: =CONCATENATE(B46,"",C46,E46) -> S25252023 | G46: =CONCATENATE(C46,"",D46,F46) -> S25252023 | I46: 45071 | M46: 0 | O46: 13544.61 | S46: =IF(COUNTIF('[1]Plate_1-2_LongFormat'!$A$2:$A$193,G46)>0,1,0) -> 0 | T46: =IF(COUNTIF([2]Attached_indexes!$C$2:$C$193,G46)>0,1,0) -> 0 | V46: control
B47: C- | E47: 5312023 | F47: =CONCATENATE(B47,"",C47,E47) -> C-5312023 | G47: C5312023 | I47: 45077 | M47: 1 | O47: too low | S47: =IF(COUNTIF('[1]Plate_1-2_LongFormat'!$A$2:$A$193,G47)>0,1,0) -> 0 | T47: =IF(COUNTIF([2]Attached_indexes!$C$2:$C$193,G47)>0,1,0) -> 0 | V47: control
B48: S1 | E48: 5312023 | F48: =CONCATENATE(B48,"",C48,E48) -> S15312023 | G48: S15312023 | I48: 45077 | M48: 0 | O48: 37.85 | S48: =IF(COUNTIF('[1]Plate_1-2_LongFormat'!$A$2:$A$193,G48)>0,1,0) -> 0 | T48: =IF(COUNTIF([2]Attached_indexes!$C$2:$C$193,G48)>0,1,0) -> 0 | V48: control
B49: S2 | E49: 5312023 | F49: =CONCATENATE(B49,"",C49,E49) -> S25312023 | G49: S25312023 | I49: 45077 | M49: 0 | O49: 13422.87 | S49: =IF(COUNTIF('[1]Plate_1-2_LongFormat'!$A$2:$A$193,G49)>0,1,0) -> 0 | T49: =IF(COUNTIF([2]Attached_indexes!$C$2:$C$193,G49)>0,1,0) -> 0 | V49: control
B50: C- | E50: 5302023 | F50: =CONCATENATE(B50,"",C50,E50) -> C-5302023 | G50: C5302023 | I50: 45076 | M50: 1 | O50: too low | S50: =IF(COUNTIF('[1]Plate_1-2_LongFormat'!$A$2:$A$193,G50)>0,1,0) -> 0 | T50: =IF(COUNTIF([2]Attached_indexes!$C$2:$C$193,G50)>0,1,0) -> 0 | V50: control
B51: S1 | E51: 5302023 | F51: =CONCATENATE(B51,"",C51,E51) -> S15302023 | G51: S15302023 | I51: 45076 | M51: 0 | O51: 39.64 | S51: =IF(COUNTIF('[1]Plate_1-2_LongFormat'!$A$2:$A$193,G51)>0,1,0) -> 0 | T51: =IF(COUNTIF([2]Attached_indexes!$C$2:$C$193,G51)>0,1,0) -> 0 | V51: control
B52: S2 | E52: 5302023 | F52: =CONCATENATE(B52,"",C52,E52) -> S25302023 | G52: S25302023 | I52: 45076 | M52: 0 | O52: 13761.52 | S52: =IF(COUNTIF('[1]Plate_1-2_LongFormat'!$A$2:$A$193,G52)>0,1,0) -> 0 | T52: =IF(COUNTIF([2]Attached_indexes!$C$2:$C$193,G52)>0,1,0) -> 0 | V52: control
A53: AGFB | B53: AGFB | C53: M. laciniatus | E53: 1 | F53: =CONCATENATE(B53,"_",C53, TEXT(E53, "000")) -> AGFB_M. laciniatus001 | G53: AGFB_L001 | H53: 1 | I53: 44673 | J53: yes | L53: 1 | M53: 1 | N53: 44938 | O53: 1.86 | P53: 2 | Q53: =IF(ISBLANK(N53),"",IF(N53<DATE(2023,5,1),"OLD","NEW")) -> OLD | S53: =IF(COUNTIF('[1]Plate_1-2_LongFormat'!$A$2:$A$193,G53)>0,1,0) -> 1 | T53: =IF(COUNTIF([2]Attached_indexes!$C$2:$C$193,G53)>0,1,0) -> 1 | V53: sample
A54: AGFB | B54: AGFB | C54: M. laciniatus | E54: 1 | F54: =CONCATENATE(B54,"_",C54, TEXT(E54, "000")) -> AGFB_M. laciniatus001 | G54: AGFB_L001 | H54: 1 | I54: 44673 | J54: yes | L54: 1 | M54: 1 | N54: 44938 | O54: 1.86 | P54: 2 | Q54: =IF(ISBLANK(N54),"",IF(N54<DATE(2023,5,1),"OLD","NEW")) -> OLD | S54: =IF(COUNTIF('[1]Plate_1-2_LongFormat'!$A$2:$A$193,G54)>0,1,0) -> 1 | T54: =IF(COUNTIF([2]Attached_indexes!$C$2:$C$193,G54)>0,1,0) -> 1 | V54: sample
A55: AGFB | B55: AGFB | C55: M. laciniatus | E55: 1 | F55: =CONCATENATE(B55,"_",C55, TEXT(E55, "000")) -> AGFB_M. laciniatus001 | G55: AGFB_L001 | H55: 1 | I55: 44673 | J55: yes | L55: 1 | M55: 1 | N55: 44938 | O55: 1.86 | P55: 2 | Q55: =IF(ISBLANK(N55),"",IF(N55<DATE(2023,5,1),"OLD","NEW")) -> OLD | S55: =IF(COUNTIF('[1]Plate_1-2_LongFormat'!$A$2:$A$193,G55)>0,1,0) -> 1 | T55: =IF(COUNTIF([2]Attached_indexes!$C$2:$C$193,G55)>0,1,0) -> 1 | V55: sample
A56: AGFB | B56: AGFB | C56: M. laciniatus | E56: 10 | F56: =CONCATENATE(B56,"_",C56, TEXT(E56, "000")) -> AGFB_M. laciniatus010 | G56: AGFB_L010 | H56: 1 | I56: 44673 | J56: yes | L56: 1 | M56: 1 | N56: 44834 | P56: 1 | Q56: =IF(ISBLANK(N56),"",IF(N56<DATE(2023,5,1),"OLD","NEW")) -> OLD | R56: Ruined! I added 197 μL of Qubit buffer to DNA. I kept samples in case there is something that can be done. (-BAR, 10/04/2022) | S56: =IF(COUNTIF('[1]Plate_1-2_LongFormat'!$A$2:$A$193,G56)>0,1,0) -> 1 | T56: =IF(COUNTIF([2]Attached_indexes!$C$2:$C$193,G56)>0,1,0) -> 1 | V56: sample
A57: AGFB | B57: AGFB | C57: M. laciniatus | E57: 10 | F57: =CONCATENATE(B57,"_",C57, TEXT(E57, "000")) -> AGFB_M. laciniatus010 | G57: AGFB_L010 | H57: 1 | I57: 44673 | J57: yes | L57: 1 | M57: 1 | N57: 44834 | P57: 1 | Q57: =IF(ISBLANK(N57),"",IF(N57<DATE(2023,5,1),"OLD","NEW")) -> OLD | R57: Ruined! I added 197 μL of Qubit buffer to DNA. I kept samples in case there is something that can be done. (-BAR, 10/04/2022) | S57: =IF(COUNTIF('[1]Plate_1-2_LongFormat'!$A$2:$A$193,G57)>0,1,0) -> 1 | T57: =IF(COUNTIF([2]Attached_indexes!$C$2:$C$193,G57)>0,1,0) -> 1 | V57: sample
A58: AGFB | B58: AGFB | C58: M. laciniatus | E58: 10 | F58: =CONCATENATE(B58,"_",C58, TEXT(E58, "000")) -> AGFB_M. laciniatus010 | G58: AGFB_L010 | H58: 1 | I58: 44673 | J58: yes | L58: 1 | M58: 1 | N58: 44834 | P58: 1 | Q58: =IF(ISBLANK(N58),"",IF(N58<DATE(2023,5,1),"OLD","NEW")) -> OLD | R58: Ruined! I added 197 μL of Qubit buffer to DNA. I kept samples in case there is something that can be done. (-BAR, 10/04/2022) | S58: =IF(COUNTIF('[1]Plate_1-2_LongFormat'!$A$2:$A$193,G58)>0,1,0) -> 1 | T58: =IF(COUNTIF([2]Attached_indexes!$C$2:$C$193,G58)>0,1,0) -> 1 | V58: sample
A59: AGFB | B59: AGFB | C59: M. laciniatus | E59: 11 | F59: =CONCATENATE(B59,"_",C59, TEXT(E59, "000")) -> AGFB_M. laciniatus011 | G59: AGFB_L011 | H59: 1 | I59: 44673 | J59: yes | L59: 1 | M59: 1 | N59: 44938 | O59: 0.498 | P59: 2 | Q59: =IF(ISBLANK(N59),"",IF(N59<DATE(2023,5,1),"OLD","NEW")) -> OLD | S59: =IF(COUNTIF('[1]Plate_1-2_LongFormat'!$A$2:$A$193,G59)>0,1,0) -> 1 | T59: =IF(COUNTIF([2]Attached_indexes!$C$2:$C$193,G59)>0,1,0) -> 1 | V59: sample
A60: AGFB | B60: AGFB | C60: M. laciniatus | E60: 11 | F60: =CONCATENATE(B60,"_",C60, TEXT(E60, "000")) -> AGFB_M. laciniatus011 | G60: AGFB_L011 | H60: 1 | I60: 44673 | J60: yes | L60: 1 | M60: 1 | N60: 44938 | O60: 0.498 | P60: 2 | Q60: =IF(ISBLANK(N60),"",IF(N60<DATE(2023,5,1),"OLD","NEW")) -> OLD | S60: =IF(COUNTIF('[1]Plate_1-2_LongFormat'!$A$2:$A$193,G60)>0,1,0) -> 1 | T60: =IF(COUNTIF([2]Attached_indexes!$C$2:$C$193,G60)>0,1,0) -> 1 | V60: sample
A61: AGFB | B61: AGFB | C61: M. laciniatus | E61: 11 | F61: =CONCATENATE(B61,"_",C61, TEXT(E61, "000")) -> AGFB_M. laciniatus011 | G61: AGFB_L011 | H61: 1 | I61: 44673 | J61: yes | L61: 1 | M61: 1 | N61: 44938 | O61: 0.498 | P61: 2 | Q61: =IF(ISBLANK(N61),"",IF(N61<DATE(2023,5,1),"OLD","NEW")) -> OLD | S61: =IF(COUNTIF('[1]Plate_1-2_LongFormat'!$A$2:$A$193,G61)>0,1,0) -> 1 | T61: =IF(COUNTIF([2]Attached_indexes!$C$2:$C$193,G61)>0,1,0) -> 1 | V61: sample
A62: AGFB | B62: AGFB | C62: M. laciniatus | E62: 2 | F62: =CONCATENATE(B62,"_",C62, TEXT(E62, "000")) -> AGFB_M. laciniatus002 | G62: AGFB_L002 | H62: 1 | I62: 44673 | J62: yes | L62: 1 | M62: 1 | N62: 44938 | O62: 3.05 | P62: 2 | Q62: =IF(ISBLANK(N62),"",IF(N62<DATE(2023,5,1),"OLD","NEW")) -> OLD | S62: =IF(COUNTIF('[1]Plate_1-2_LongFormat'!$A$2:$A$193,G62)>0,1,0) -> 1 | T62: =IF(COUNTIF([2]Attached_indexes!$C$2:$C$193,G62)>0,1,0) -> 1 | V62: sample
A63: AGFB | B63: AGFB | C63: M. laciniatus | E63: 2 | F63: =CONCATENATE(B63,"_",C63, TEXT(E63, "000")) -> AGFB_M. laciniatus002 | G63: AGFB_L002 | H63: 1 | I63: 44673 | J63: yes | L63: 1 | M63: 1 | N63: 44938 | O63: 3.05 | P63: 2 | Q63: =IF(ISBLANK(N63),"",IF(N63<DATE(2023,5,1),"OLD","NEW")) -> OLD | S63: =IF(COUNTIF('[1]Plate_1-2_LongFormat'!$A$2:$A$193,G63)>0,1,0) -> 1 | T63: =IF(COUNTIF([2]Attached_indexes!$C$2:$C$193,G63)>0,1,0) -> 1 | V63: sample
A64: AGFB | B64: AGFB | C64: M. laciniatus | E64: 2 | F64: =CONCATENATE(B64,"_",C64, TEXT(E64, "000")) -> AGFB_M. laciniatus002 | G64: AGFB_L002 | H64: 1 | I64: 44673 | J64: yes | L64: 1 | M64: 1 | N64: 44938 | O64: 3.05 | P64: 2 | Q64: =IF(ISBLANK(N64),"",IF(N64<DATE(2023,5,1),"OLD","NEW")) -> OLD | S64: =IF(COUNTIF('[1]Plate_1-2_LongFormat'!$A$2:$A$193,G64)>0,1,0) -> 1 | T64: =IF(COUNTIF([2]Attached_indexes!$C$2:$C$193,G64)>0,1,0) -> 1 | V64: sample
A65: AGFB | B65: AGFB | C65: M. laciniatus | E65: 3 | F65: =CONCATENATE(B65,"_",C65, TEXT(E65, "000")) -> AGFB_M. laciniatus003 | G65: AGFB_L003 | H65: 1 | I65: 44673 | J65: yes | K65: not enough tissue (.22g) | L65: 1 | M65: 1 | N65: 45058 | O65: 12.2 | P65: 3 | Q65: =IF(ISBLANK(N65),"",IF(N65<DATE(2023,5,1),"OLD","NEW")) -> NEW | S65: =IF(COUNTIF('[1]Plate_1-2_LongFormat'!$A$2:$A$193,G65)>0,1,0) -> 0 | T65: =IF(COUNTIF([2]Attached_indexes!$C$2:$C$193,G65)>0,1,0) -> 0 | V65: sample
A66: AGFB | B66: AGFB | C66: M. laciniatus | E66: 3 | F66: =CONCATENATE(B66,"_",C66, TEXT(E66, "000")) -> AGFB_M. laciniatus003 | G66: AGFB_L003 | H66: 1 | I66: 44673 | J66: yes | K66: not enough tissue (.22g) | L66: 1 | M66: 1 | N66: 45058 | O66: 12.2 | P66: 3 | Q66: =IF(ISBLANK(N66),"",IF(N66<DATE(2023,5,1),"OLD","NEW")) -> NEW | S66: =IF(COUNTIF('[1]Plate_1-2_LongFormat'!$A$2:$A$193,G66)>0,1,0) -> 0 | T66: =IF(COUNTIF([2]Attached_indexes!$C$2:$C$193,G66)>0,1,0) -> 0 | V66: sample
A67: AGFB | B67: AGFB | C67: M. laciniatus | E67: 3 | F67: =CONCATENATE(B67,"_",C67, TEXT(E67, "000")) -> AGFB_M. laciniatus003 | G67: AGFB_L003 | H67: 1 | I67: 44673 | J67: yes | K67: not enough tissue (.22g) | L67: 1 | M67: 1 | N67: 45058 | O67: 12.2 | P67: 3 | Q67: =IF(ISBLANK(N67),"",IF(N67<DATE(2023,5,1),"OLD","NEW")) -> NEW | S67: =IF(COUNTIF('[1]Plate_1-2_LongFormat'!$A$2:$A$193,G67)>0,1,0) -> 0 | T67: =IF(COUNTIF([2]Attached_indexes!$C$2:$C$193,G67)>0,1,0) -> 0 | V67: sample
A68: AGFB | B68: AGFB | C68: M. laciniatus | E68: 4 | F68: =CONCATENATE(B68,"_",C68, TEXT(E68, "000")) -> AGFB_M. laciniatus004 | G68: AGFB_L004 | H68: 1 | I68: 44673 | J68: yes | K68: not enough tissue (.12g) | L68: 1 | M68: 1 | N68: 44945 | O68: 3.45 | P68: 2 | Q68: =IF(ISBLANK(N68),"",IF(N68<DATE(2023,5,1),"OLD","NEW")) -> OLD | S68: =IF(COUNTIF('[1]Plate_1-2_LongFormat'!$A$2:$A$193,G68)>0,1,0) -> 1 | T68: =IF(COUNTIF([2]Attached_indexes!$C$2:$C$193,G68)>0,1,0) -> 1 | V68: sample
A69: AGFB | B69: AGFB | C69: M. laciniatus | E69: 4 | F69: =CONCATENATE(B69,"_",C69, TEXT(E69, "000")) -> AGFB_M. laciniatus004 | G69: AGFB_L004 | H69: 1 | I69: 44673 | J69: yes | K69: not enough tissue (.12g) | L69: 1 | M69: 1 | N69: 44945 | O69: 3.45 | P69: 2 | Q69: =IF(ISBLANK(N69),"",IF(N69<DATE(2023,5,1),"OLD","NEW")) -> OLD | S69: =IF(COUNTIF('[1]Plate_1-2_LongFormat'!$A$2:$A$193,G69)>0,1,0) -> 1 | T69: =IF(COUNTIF([2]Attached_indexes!$C$2:$C$193,G69)>0,1,0) -> 1 | V69: sample
A70: AGFB | B70: AGFB | C70: M. laciniatus | E70: 4 | F70: =CONCATENATE(B70,"_",C70, TEXT(E70, "000")) -> AGFB_M. laciniatus004 | G70: AGFB_L004 | H70: 1 | I70: 44673 | J70: yes | K70: not enough tissue (.12g) | L70: 1 | M70: 1 | N70: 44945 | O70: 3.45 | P70: 2 | Q70: =IF(ISBLANK(N70),"",IF(N70<DATE(2023,5,1),"OLD","NEW")) -> OLD | S70: =IF(COUNTIF('[1]Plate_1-2_LongFormat'!$A$2:$A$193,G70)>0,1,0) -> 1 | T70: =IF(COUNTIF([2]Attached_indexes!$C$2:$C$193,G70)>0,1,0) -> 1 | V70: sample
A71: AGFB | B71: AGFB | C71: M. laciniatus | E71: 5 | F71: =CONCATENATE(B71,"_",C71, TEXT(E71, "000")) -> AGFB_M. laciniatus005 | G71: AGFB_L005 | H71: 1 | I71: 44673 | J71: yes | L71: 1 | M71: 1 | N71: 44842 | O71: 7.33 | P71: 1 | Q71: =IF(ISBLANK(N71),"",IF(N71<DATE(2023,5,1),"OLD","NEW")) -> OLD | S71: =IF(COUNTIF('[1]Plate_1-2_LongFormat'!$A$2:$A$193,G71)>0,1,0) -> 1 | T71: =IF(COUNTIF([2]Attached_indexes!$C$2:$C$193,G71)>0,1,0) -> 1 | V71: sample
A72: AGFB | B72: AGFB | C72: M. laciniatus | E72: 5 | F72: =CONCATENATE(B72,"_",C72, TEXT(E72, "000")) -> AGFB_M. laciniatus005 | G72: AGFB_L005 | H72: 1 | I72: 44673 | J72: yes | L72: 1 | M72: 1 | N72: 44842 | O72: 7.33 | P72: 1 | Q72: =IF(ISBLANK(N72),"",IF(N72<DATE(2023,5,1),"OLD","NEW")) -> OLD | S72: =IF(COUNTIF('[1]Plate_1-2_LongFormat'!$A$2:$A$193,G72)>0,1,0) -> 1 | T72: =IF(COUNTIF([2]Attached_indexes!$C$2:$C$193,G72)>0,1,0) -> 1 | V72: sample
A73: AGFB | B73: AGFB | C73: M. laciniatus | E73: 5 | F73: =CONCATENATE(B73,"_",C73, TEXT(E73, "000")) -> AGFB_M. laciniatus005 | G73: AGFB_L005 | H73: 1 | I73: 44673 | J73: yes | L73: 1 | M73: 1 | N73: 44842 | O73: 7.33 | P73: 1 | Q73: =IF(ISBLANK(N73),"",IF(N73<DATE(2023,5,1),"OLD","NEW")) -> OLD | S73: =IF(COUNTIF('[1]Plate_1-2_LongFormat'!$A$2:$A$193,G73)>0,1,0) -> 1 | T73: =IF(COUNTIF([2]Attached_indexes!$C$2:$C$193,G73)>0,1,0) -> 1 | V73: sample
A74: AGFB | B74: AGFB | C74: M. laciniatus | E74: 6 | F74: =CONCATENATE(B74,"_",C74, TEXT(E74, "000")) -> AGFB_M. laciniatus006 | G74: AGFB_L006 | H74: 1 | I74: 44673 | J74: yes | K74: not enough tissue (.10g) | L74: 1 | M74: 1 | N74: 44945 | O74: 1.86 | P74: 2 | Q74: =IF(ISBLANK(N74),"",IF(N74<DATE(2023,5,1),"OLD","NEW")) -> OLD | S74: =IF(COUNTIF('[1]Plate_1-2_LongFormat'!$A$2:$A$193,G74)>0,1,0) -> 1 | T74: =IF(COUNTIF([2]Attached_indexes!$C$2:$C$193,G74)>0,1,0) -> 1 | V74: sample
A75: AGFB | B75: AGFB | C75: M. laciniatus | E75: 6 | F75: =CONCATENATE(B75,"_",C75, TEXT(E75, "000")) -> AGFB_M. laciniatus006 | G75: AGFB_L006 | H75: 1 | I75: 44673 | J75: yes | K75: not enough tissue (.10g) | L75: 1 | M75: 1 | N75: 44945 | O75: 1.86 | P75: 2 | Q75: =IF(ISBLANK(N75),"",IF(N75<DATE(2023,5,1),"OLD","NEW")) -> OLD | S75: =IF(COUNTIF('[1]Plate_1-2_LongFormat'!$A$2:$A$193,G75)>0,1,0) -> 1 | T75: =IF(COUNTIF([2]Attached_indexes!$C$2:$C$193,G75)>0,1,0) -> 1 | V75: sample
A76: AGFB | B76: AGFB | C76: M. laciniatus | E76: 6 | F76: =CONCATENATE(B76,"_",C76, TEXT(E76, "000")) -> AGFB_M. laciniatus006 | G76: AGFB_L006 | H76: 1 | I76: 44673 | J76: yes | K76: not enough tissue (.10g) | L76: 1 | M76: 1 | N76: 44945 | O76: 1.86 | P76: 2 | Q76: =IF(ISBLANK(N76),"",IF(N76<DATE(2023,5,1),"OLD","NEW")) -> OLD | S76: =IF(COUNTIF('[1]Plate_1-2_LongFormat'!$A$2:$A$193,G76)>0,1,0) -> 1 | T76: =IF(COUNTIF([2]Attached_indexes!$C$2:$C$193,G76)>0,1,0) -> 1 | V76: sample
A77: AGFB | B77: AGFB | C77: M. laciniatus | E77: 7 | F77: =CONCATENATE(B77,"_",C77, TEXT(E77, "000")) -> AGFB_M. laciniatus007 | G77: AGFB_L007 | H77: 1 | I77: 44673 | J77: yes | L77: 1 | M77: 1 | N77: 44914 | O77: 5.71 | P77: 2 | Q77: =IF(ISBLANK(N77),"",IF(N77<DATE(2023,5,1),"OLD","NEW")) -> OLD | S77: =IF(COUNTIF('[1]Plate_1-2_LongFormat'!$A$2:$A$193,G77)>0,1,0) -> 1 | T77: =IF(COUNTIF([2]Attached_indexes!$C$2:$C$193,G77)>0,1,0) -> 1 | V77: sample
A78: AGFB | B78: AGFB | C78: M. laciniatus | E78: 7 | F78: =CONCATENATE(B78,"_",C78, TEXT(E78, "000")) -> AGFB_M. laciniatus007 | G78: AGFB_L007 | H78: 1 | I78: 44673 | J78: yes | L78: 1 | M78: 1 | N78: 44914 | O78: 5.71 | P78: 2 | Q78: =IF(ISBLANK(N78),"",IF(N78<DATE(2023,5,1),"OLD","NEW")) -> OLD | S78: =IF(COUNTIF('[1]Plate_1-2_LongFormat'!$A$2:$A$193,G78)>0,1,0) -> 1 | T78: =IF(COUNTIF([2]Attached_indexes!$C$2:$C$193,G78)>0,1,0) -> 1 | V78: sample
A79: AGFB | B79: AGFB | C79: M. laciniatus | E79: 7 | F79: =CONCATENATE(B79,"_",C79, TEXT(E79, "000")) -> AGFB_M. laciniatus007 | G79: AGFB_L007 | H79: 1 | I79: 44673 | J79: yes | L79: 1 | M79: 1 | N79: 44914 | O79: 5.71 | P79: 2 | Q79: =IF(ISBLANK(N79),"",IF(N79<DATE(2023,5,1),"OLD","NEW")) -> OLD | S79: =IF(COUNTIF('[1]Plate_1-2_LongFormat'!$A$2:$A$193,G79)>0,1,0) -> 1 | T79: =IF(COUNTIF([2]Attached_indexes!$C$2:$C$193,G79)>0,1,0) -> 1 | V79: sample
A80: AGFB | B80: AGFB | C80: M. laciniatus | E80: 8 | F80: =CONCATENATE(B80,"_",C80, TEXT(E80, "000")) -> AGFB_M. laciniatus008 | G80: AGFB_L008 | H80: 1 | I80: 44673 | J80: yes | K80: not enough tissue (.15g); 1st time lyophilized w/o loosening caps, 2 days @ room temp., then lyophilized a second time | L80: 1 | M80: 1 | N80: 45071 | O80: 8.42 | P80: 4 | Q80: =IF(ISBLANK(N80),"",IF(N80<DATE(2023,5,1),"OLD","NEW")) -> NEW | S80: =IF(COUNTIF('[1]Plate_1-2_LongFormat'!$A$2:$A$193,G80)>0,1,0) -> 0 | T80: =IF(COUNTIF([2]Attached_indexes!$C$2:$C$193,G80)>0,1,0) -> 0 | V80: sample
A81: AGFB | B81: AGFB | C81: M. laciniatus | E81: 8 | F81: =CONCATENATE(B81,"_",C81, TEXT(E81, "000")) -> AGFB_M. laciniatus008 | G81: AGFB_L008 | H81: 1 | I81: 44673 | J81: yes | K81: not enough tissue (.15g); 1st time lyophilized w/o loosening caps, 2 days @ room temp., then lyophilized a second time | L81: 1 | M81: 1 | N81: 45071 | O81: 8.42 | P81: 4 | Q81: =IF(ISBLANK(N81),"",IF(N81<DATE(2023,5,1),"OLD","NEW")) -> NEW | S81: =IF(COUNTIF('[1]Plate_1-2_LongFormat'!$A$2:$A$193,G81)>0,1,0) -> 0 | T81: =IF(COUNTIF([2]Attached_indexes!$C$2:$C$193,G81)>0,1,0) -> 0 | V81: sample
A82: AGFB | B82: AGFB | C82: M. laciniatus | E82: 8 | F82: =CONCATENATE(B82,"_",C82, TEXT(E82, "000")) -> AGFB_M. laciniatus008 | G82: AGFB_L008 | H82: 1 | I82: 44673 | J82: yes | K82: not enough tissue (.15g); 1st time lyophilized w/o loosening caps, 2 days @ room temp., then lyophilized a second time | L82: 1 | M82: 1 | N82: 45071 | O82: 8.42 | P82: 4 | Q82: =IF(ISBLANK(N82),"",IF(N82<DATE(2023,5,1),"OLD","NEW")) -> NEW | S82: =IF(COUNTIF('[1]Plate_1-2_LongFormat'!$A$2:$A$193,G82)>0,1,0) -> 0 | T82: =IF(COUNTIF([2]Attached_indexes!$C$2:$C$193,G82)>0,1,0) -> 0 | V82: sample
A83: AGFB | B83: AGFB | C83: M. laciniatus | E83: 9 | F83: =CONCATENATE(B83,"_",C83, TEXT(E83, "000")) -> AGFB_M. laciniatus009 | G83: AGFB_L009 | H83: 1 | I83: 44673 | J83: yes | K83: not enough tissue (.13g); 1st time lyophilized w/o loosening caps, 2 days @ room temp., then lyophilized a second time | L83: 1 | M83: 1 | N83: 45071 | O83: 5.67 | P83: 4 | Q83: =IF(ISBLANK(N83),"",IF(N83<DATE(2023,5,1),"OLD","NEW")) -> NEW | S83: =IF(COUNTIF('[1]Plate_1-2_LongFormat'!$A$2:$A$193,G83)>0,1,0) -> 0 | T83: =IF(COUNTIF([2]Attached_indexes!$C$2:$C$193,G83)>0,1,0) -> 0 | V83: sample
A84: AGFB | B84: AGFB | C84: M. laciniatus | E84: 9 | F84: =CONCATENATE(B84,"_",C84, TEXT(E84, "000")) -> AGFB_M. laciniatus009 | G84: AGFB_L009 | H84: 1 | I84: 44673 | J84: yes | K84: not enough tissue (.13g); 1st time lyophilized w/o loosening caps, 2 days @ room temp., then lyophilized a second time | L84: 1 | M84: 1 | N84: 45071 | O84: 5.67 | P84: 4 | Q84: =IF(ISBLANK(N84),"",IF(N84<DATE(2023,5,1),"OLD","NEW")) -> NEW | S84: =IF(COUNTIF('[1]Plate_1-2_LongFormat'!$A$2:$A$193,G84)>0,1,0) -> 0 | T84: =IF(COUNTIF([2]Attached_indexes!$C$2:$C$193,G84)>0,1,0) -> 0 | V84: sample
A85: AGFB | B85: AGFB | C85: M. laciniatus | E85: 9 | F85: =CONCATENATE(B85,"_",C85, TEXT(E85, "000")) -> AGFB_M. laciniatus009 | G85: AGFB_L009 | H85: 1 | I85: 44673 | J85: yes | K85: not enough tissue (.13g); 1st time lyophilized w/o loosening caps, 2 days @ room temp., then lyophilized a second time | L85: 1 | M85: 1 | N85: 45071 | O85: 5.67 | P85: 4 | Q85: =IF(ISBLANK(N85),"",IF(N85<DATE(2023,5,1),"OLD","NEW")) -> NEW | S85: =IF(COUNTIF('[1]Plate_1-2_LongFormat'!$A$2:$A$193,G85)>0,1,0) -> 0 | T85: =IF(COUNTIF([2]Attached_indexes!$C$2:$C$193,G85)>0,1,0) -> 0 | V85: sample
A86: AGFB | B86: AGFB | C86: M. nasutus | E86: 1 | F86: =CONCATENATE(B86,"_",C86, TEXT(E86, "000")) -> AGFB_M. nasutus001 | G86: AGFB_N001 | H86: 1 | I86: 44673 | J86: yes | K86: not enough tissue (.13g); 1st time lyophilized w/o loosening caps, 2 days @ room temp., then lyophilized a second time | L86: 1 | M86: 1 | N86: 45071 | O86: 9.74 | P86: 4 | Q86: =IF(ISBLANK(N86),"",IF(N86<DATE(2023,5,1),"OLD","NEW")) -> NEW | S86: =IF(COUNTIF('[1]Plate_1-2_LongFormat'!$A$2:$A$193,G86)>0,1,0) -> 0 | T86: =IF(COUNTIF([2]Attached_indexes!$C$2:$C$193,G86)>0,1,0) -> 0 | V86: sample
A87: AGFB | B87: AGFB | C87: M. nasutus | E87: 1 | F87: =CONCATENATE(B87,"_",C87, TEXT(E87, "000")) -> AGFB_M. nasutus001 | G87: AGFB_N001 | H87: 1 | I87: 44673 | J87: yes | K87: not enough tissue (.13g); 1st time lyophilized w/o loosening caps, 2 days @ room temp., then lyophilized a second time | L87: 1 | M87: 1 | N87: 45071 | O87: 9.74 | P87: 4 | Q87: =IF(ISBLANK(N87),"",IF(N87<DATE(2023,5,1),"OLD","NEW")) -> NEW | S87: =IF(COUNTIF('[1]Plate_1-2_LongFormat'!$A$2:$A$193,G87)>0,1,0) -> 0 | T87: =IF(COUNTIF([2]Attached_indexes!$C$2:$C$193,G87)>0,1,0) -> 0 | V87: sample
A88: AGFB | B88: AGFB | C88: M. nasutus | E88: 1 | F88: =CONCATENATE(B88,"_",C88, TEXT(E88, "000")) -> AGFB_M. nasutus001 | G88: AGFB_N001 | H88: 1 | I88: 44673 | J88: yes | K88: not enough tissue (.13g); 1st time lyophilized w/o loosening caps, 2 days @ room temp., then lyophilized a second time | L88: 1 | M88: 1 | N88: 45071 | O88: 9.74 | P88: 4 | Q88: =IF(ISBLANK(N88),"",IF(N88<DATE(2023,5,1),"OLD","NEW")) -> NEW | S88: =IF(COUNTIF('[1]Plate_1-2_LongFormat'!$A$2:$A$193,G88)>0,1,0) -> 0 | T88: =IF(COUNTIF([2]Attached_indexes!$C$2:$C$193,G88)>0,1,0) -> 0 | V88: sample
A89: AGFB | B89: AGFB | C89: M. nasutus | E89: 10 | F89: =CONCATENATE(B89,"_",C89, TEXT(E89, "000")) -> AGFB_M. nasutus010 | G89: AGFB_N010 | H89: 1 | I89: 44673 | J89: yes | K89: not enough tissue (.22g) | L89: 1 | M89: 1 | N89: 45053 | O89: 16.3 | P89: 3 | Q89: =IF(ISBLANK(N89),"",IF(N89<DATE(2023,5,1),"OLD","NEW")) -> NEW | S89: =IF(COUNTIF('[1]Plate_1-2_LongFormat'!$A$2:$A$193,G89)>0,1,0) -> 0 | T89: =IF(COUNTIF([2]Attached_indexes!$C$2:$C$193,G89)>0,1,0) -> 0 | V89: sample
A90: AGFB | B90: AGFB | C90: M. nasutus | E90: 10 | F90: =CONCATENATE(B90,"_",C90, TEXT(E90, "000")) -> AGFB_M. nasutus010 | G90: AGFB_N010 | H90: 1 | I90: 44673 | J90: yes | K90: not enough tissue (.22g) | L90: 1 | M90: 1 | N90: 45053 | O90: 16.3 | P90: 3 | Q90: =IF(ISBLANK(N90),"",IF(N90<DATE(2023,5,1),"OLD","NEW")) -> NEW | S90: =IF(COUNTIF('[1]Plate_1-2_LongFormat'!$A$2:$A$193,G90)>0,1,0) -> 0 | T90: =IF(COUNTIF([2]Attached_indexes!$C$2:$C$193,G90)>0,1,0) -> 0 | V90: sample
A91: AGFB | B91: AGFB | C91: M. nasutus | E91: 10 | F91: =CONCATENATE(B91,"_",C91, TEXT(E91, "000")) -> AGFB_M. nasutus010 | G91: AGFB_N010 | H91: 1 | I91: 44673 | J91: yes | K91: not enough tissue (.22g) | L91: 1 | M91: 1 | N91: 45053 | O91: 16.3 | P91: 3 | Q91: =IF(ISBLANK(N91),"",IF(N91<DATE(2023,5,1),"OLD","NEW")) -> NEW | S91: =IF(COUNTIF('[1]Plate_1-2_LongFormat'!$A$2:$A$193,G91)>0,1,0) -> 0 | T91: =IF(COUNTIF([2]Attached_indexes!$C$2:$C$193,G91)>0,1,0) -> 0 | V91: sample
A92: AGFB | B92: AGFB | C92: M. nasutus | E92: 2 | F92: =CONCATENATE(B92,"_",C92, TEXT(E92, "000")) -> AGFB_M. nasutus002 | G92: AGFB_N002 | H92: 1 | I92: 44673 | J92: yes | L92: 1 | M92: 1 | N92: 45058 | O92: 18.4 | P92: 3 | Q92: =IF(ISBLANK(N92),"",IF(N92<DATE(2023,5,1),"OLD","NEW")) -> NEW | S92: =IF(COUNTIF('[1]Plate_1-2_LongFormat'!$A$2:$A$193,G92)>0,1,0) -> 0 | T92: =IF(COUNTIF([2]Attached_indexes!$C$2:$C$193,G92)>0,1,0) -> 0 | V92: sample
A93: AGFB | B93: AGFB | C93: M. nasutus | E93: 2 | F93: =CONCATENATE(B93,"_",C93, TEXT(E93, "000")) -> AGFB_M. nasutus002 | G93: AGFB_N002 | H93: 1 | I93: 44673 | J93: yes | L93: 1 | M93: 1 | N93: 45058 | O93: 18.4 | P93: 3 | Q93: =IF(ISBLANK(N93),"",IF(N93<DATE(2023,5,1),"OLD","NEW")) -> NEW | S93: =IF(COUNTIF('[1]Plate_1-2_LongFormat'!$A$2:$A$193,G93)>0,1,0) -> 0 | T93: =IF(COUNTIF([2]Attached_indexes!$C$2:$C$193,G93)>0,1,0) -> 0 | V93: sample
A94: AGFB | B94: AGFB | C94: M. nasutus | E94: 2 | F94: =CONCATENATE(B94,"_",C94, TEXT(E94, "000")) -> AGFB_M. nasutus002 | G94: AGFB_N002 | H94: 1 | I94: 44673 | J94: yes | L94: 1 | M94: 1 | N94: 45058 | O94: 18.4 | P94: 3 | Q94: =IF(ISBLANK(N94),"",IF(N94<DATE(2023,5,1),"OLD","NEW")) -> NEW | S94: =IF(COUNTIF('[1]Plate_1-2_LongFormat'!$A$2:$A$193,G94)>0,1,0) -> 0 | T94: =IF(COUNTIF([2]Attached_indexes!$C$2:$C$193,G94)>0,1,0) -> 0 | V94: sample
A95: AGFB | B95: AGFB | C95: M. nasutus | E95: 3 | F95: =CONCATENATE(B95,"_",C95, TEXT(E95, "000")) -> AGFB_M. nasutus003 | G95: AGFB_N003 | H95: 1 | I95: 44673 | J95: yes | L95: 1 | M95: 1 | N95: 44842 | O95: 0.947 | P95: 1 | Q95: =IF(ISBLANK(N95),"",IF(N95<DATE(2023,5,1),"OLD","NEW")) -> OLD | S95: =IF(COUNTIF('[1]Plate_1-2_LongFormat'!$A$2:$A$193,G95)>0,1,0) -> 1 | T95: =IF(COUNTIF([2]Attached_indexes!$C$2:$C$193,G95)>0,1,0) -> 1 | V95: sample
A96: AGFB | B96: AGFB | C96: M. nasutus | E96: 3 | F96: =CONCATENATE(B96,"_",C96, TEXT(E96, "000")) -> AGFB_M. nasutus003 | G96: AGFB_N003 | H96: 1 | I96: 44673 | J96: yes | L96: 1 | M96: 1 | N96: 44842 | O96: 0.947 | P96: 1 | Q96: =IF(ISBLANK(N96),"",IF(N96<DATE(2023,5,1),"OLD","NEW")) -> OLD | S96: =IF(COUNTIF('[1]Plate_1-2_LongFormat'!$A$2:$A$193,G96)>0,1,0) -> 1 | T96: =IF(COUNTIF([2]Attached_indexes!$C$2:$C$193,G96)>0,1,0) -> 1 | V96: sample
A97: AGFB | B97: AGFB | C97: M. nasutus | E97: 3 | F97: =CONCATENATE(B97,"_",C97, TEXT(E97, "000")) -> AGFB_M. nasutus003 | G97: AGFB_N003 | H97: 1 | I97: 44673 | J97: yes | L97: 1 | M97: 1 | N97: 44842 | O97: 0.947 | P97: 1 | Q97: =IF(ISBLANK(N97),"",IF(N97<DATE(2023,5,1),"OLD","NEW")) -> OLD | S97: =IF(COUNTIF('[1]Plate_1-2_LongFormat'!$A$2:$A$193,G97)>0,1,0) -> 1 | T97: =IF(COUNTIF([2]Attached_indexes!$C$2:$C$193,G97)>0,1,0) -> 1 | V97: sample
A98: AGFB | B98: AGFB | C98: M. nasutus | E98: 4 | F98: =CONCATENATE(B98,"_",C98, TEXT(E98, "000")) -> AGFB_M. nasutus004 | G98: AGFB_N004 | H98: 1 | I98: 44673 | J98: yes | K98: not enough tissue (.08g) | L98: 1 | M98: 1 | N98: 44961 | O98: 3.36 | P98: 3 | Q98: =IF(ISBLANK(N98),"",IF(N98<DATE(2023,5,1),"OLD","NEW")) -> OLD | S98: =IF(COUNTIF('[1]Plate_1-2_LongFormat'!$A$2:$A$193,G98)>0,1,0) -> 1 | T98: =IF(COUNTIF([2]Attached_indexes!$C$2:$C$193,G98)>0,1,0) -> 1 | V98: sample
A99: AGFB | B99: AGFB | C99: M. nasutus | E99: 4 | F99: =CONCATENATE(B99,"_",C99, TEXT(E99, "000")) -> AGFB_M. nasutus004 | G99: AGFB_N004 | H99: 1 | I99: 44673 | J99: yes | K99: not enough tissue (.08g) | L99: 1 | M99: 1 | N99: 44961 | O99: 3.36 | P99: 3 | Q99: =IF(ISBLANK(N99),"",IF(N99<DATE(2023,5,1),"OLD","NEW")) -> OLD | S99: =IF(COUNTIF('[1]Plate_1-2_LongFormat'!$A$2:$A$193,G99)>0,1,0) -> 1 | T99: =IF(COUNTIF([2]Attached_indexes!$C$2:$C$193,G99)>0,1,0) -> 1 | V99: sample
A100: AGFB | B100: AGFB | C100: M. nasutus | E100: 4 | F100: =CONCATENATE(B100,"_",C100, TEXT(E100, "000")) -> AGFB_M. nasutus004 | G100: AGFB_N004 | H100: 1 | I100: 44673 | J100: yes | K100: not enough tissue (.08g) | L100: 1 | M100: 1 | N100: 44961 | O100: 3.36 | P100: 3 | Q100: =IF(ISBLANK(N100),"",IF(N100<DATE(2023,5,1),"OLD","NEW")) -> OLD | S100: =IF(COUNTIF('[1]Plate_1-2_LongFormat'!$A$2:$A$193,G100)>0,1,0) -> 1 | T100: =IF(COUNTIF([2]Attached_indexes!$C$2:$C$193,G100)>0,1,0) -> 1 | V100: sample
...

Sheet Summary_DNA_progress
A1: Population | B1: Count of Population | J1: AGFB_L1_x2 | P1: dna_CONC_#1 | Q1: dna_conc_#2
A2: AGFB | B2: 63 | J2: BHEB_G1_x2 | M2: =IFERROR(__xludf.dummyfunction("ARRAY_CONSTRAIN(ARRAYFORMULA(UNIQUE(J1:J139)), 111, 1)"),"AGFB_L1_x2") -> AGFB_L1_x2 | O2: AGFB_L1_x2 | P2: 1.86 | Q2: =IF(P2<1, "BAD", "GOOD") -> GOOD
A3: BHEB | B3: 57 | J3: BHEB_G2_x2 | M3: =IFERROR(__xludf.dummyfunction("""COMPUTED_VALUE"""),"BHEB_G1_x2") -> BHEB_G1_x2 | O3: BHEB_G1_x2 | P3: 7.33 | Q3: =IF(P3<1, "BAD", "GOOD") -> GOOD
A4: C- | B4: 19 | J4: BHEB_G3_x2 | M4: =IFERROR(__xludf.dummyfunction("""COMPUTED_VALUE"""),"BHEB_G2_x2") -> BHEB_G2_x2 | O4: BHEB_G2_x2 | P4: 16.4 | Q4: =IF(P4<1, "BAD", "GOOD") -> GOOD
A5: CCNB | B5: 48 | J5: BHEB_G4_x2 | M5: =IFERROR(__xludf.dummyfunction("""COMPUTED_VALUE"""),"BHEB_G3_x2") -> BHEB_G3_x2 | O5: BHEB_G3_x2 | P5: 14.5 | Q5: =IF(P5<1, "BAD", "GOOD") -> GOOD
A6: CCRB | B6: 27 | J6: BHEB_G5_x2 | M6: =IFERROR(__xludf.dummyfunction("""COMPUTED_VALUE"""),"BHEB_G4_x2") -> BHEB_G4_x2 | O6: BHEB_G4_x2 | P6: 41 | Q6: =IF(P6<1, "BAD", "GOOD") -> GOOD
A7: FVWB | B7: 3 | J7: BHEB_G6_x2 | M7: =IFERROR(__xludf.dummyfunction("""COMPUTED_VALUE"""),"BHEB_G5_x2") -> BHEB_G5_x2 | O7: BHEB_G5_x2 | P7: 3.05 | Q7: =IF(P7<1, "BAD", "GOOD") -> GOOD
A8: HDRB | B8: 30 | J8: BHEB_G7_x2 | M8: =IFERROR(__xludf.dummyfunction("""COMPUTED_VALUE"""),"BHEB_G6_x2") -> BHEB_G6_x2 | O8: BHEB_G6_x2 | P8: 15.1 | Q8: =IF(P8<1, "BAD", "GOOD") -> GOOD
A9: HHBB | B9: 60 | J9: BHEB_G8_x2 | M9: =IFERROR(__xludf.dummyfunction("""COMPUTED_VALUE"""),"BHEB_G7_x2") -> BHEB_G7_x2 | O9: BHEB_G7_x2 | P9: 17 | Q9: =IF(P9<1, "BAD", "GOOD") -> GOOD
A10: HULB | B10: 30 | J10: BHEB_N1_x2 | M10: =IFERROR(__xludf.dummyfunction("""COMPUTED_VALUE"""),"BHEB_G8_x2") -> BHEB_G8_x2 | O10: BHEB_G8_x2 | P10: 8.07 | Q10: =IF(P10<1, "BAD", "GOOD") -> GOOD
A11: HUOB | B11: 66 | J11: BHEB_N2_x2 | M11: =IFERROR(__xludf.dummyfunction("""COMPUTED_VALUE"""),"BHEB_N1_x2") -> BHEB_N1_x2 | O11: BHEB_N1_x2 | P11: 3.75 | Q11: =IF(P11<1, "BAD", "GOOD") -> GOOD
A12: KNOB | B12: 33 | J12: BHEB_N3_x2 | M12: =IFERROR(__xludf.dummyfunction("""COMPUTED_VALUE"""),"BHEB_N2_x2") -> BHEB_N2_x2 | O12: BHEB_N2_x2 | P12: 0.659 | Q12: =IF(P12<1, "BAD", "GOOD") -> BAD
A13: LYFB | B13: 15 | J13: BHEB_N4_x2 | M13: =IFERROR(__xludf.dummyfunction("""COMPUTED_VALUE"""),"BHEB_N3_x2") -> BHEB_N3_x2 | O13: BHEB_N3_x2 | P13: 17.7 | Q13: =IF(P13<1, "BAD", "GOOD") -> GOOD
A14: NFWB | B14: 60 | J14: BHEB_N5_x2 | M14: =IFERROR(__xludf.dummyfunction("""COMPUTED_VALUE"""),"BHEB_N4_x2") -> BHEB_N4_x2 | O14: BHEB_N4_x2 | P14: 1.33 | Q14: =IF(P14<1, "BAD", "GOOD") -> GOOD
A15: OSKB | B15: 21 | J15: BHEB_N6_x2 | M15: =IFERROR(__xludf.dummyfunction("""COMPUTED_VALUE"""),"BHEB_N5_x2") -> BHEB_N5_x2 | O15: BHEB_N5_x2 | P15: 0.94 | Q15: =IF(P15<1, "BAD", "GOOD") -> BAD
A16: SDSB | B16: 45 | J16: BHEB_N7_x2 | M16: =IFERROR(__xludf.dummyfunction("""COMPUTED_VALUE"""),"BHEB_N6_x2") -> BHEB_N6_x2 | O16: BHEB_N6_x2 | P16: 3.27 | Q16: =IF(P16<1, "BAD", "GOOD") -> GOOD
A17: SPLB | B17: 27 | J17: BHEB_N8_#2_x2 | M17: =IFERROR(__xludf.dummyfunction("""COMPUTED_VALUE"""),"BHEB_N7_x2") -> BHEB_N7_x2 | O17: BHEB_N7_x2 | P17: 3.8 | Q17: =IF(P17<1, "BAD", "GOOD") -> GOOD
A18: TRTB | B18: 3 | J18: BHEB_N8_x2 | M18: =IFERROR(__xludf.dummyfunction("""COMPUTED_VALUE"""),"BHEB_N8_#2_x2") -> BHEB_N8_#2_x2 | O18: BHEB_N8_#2_x2 | P18: 12.6 | Q18: =IF(P18<1, "BAD", "GOOD") -> GOOD
A19: TWGB | B19: 27 | J19: BML_G1_x2 | M19: =IFERROR(__xludf.dummyfunction("""COMPUTED_VALUE"""),"BHEB_N8_x2") -> BHEB_N8_x2 | O19: BHEB_N8_x2 | Q19: =IF(P19<1, "BAD", "GOOD") -> BAD
A20: WCFB | B20: 69 | J20: BML_G4_x2 | M20: =IFERROR(__xludf.dummyfunction("""COMPUTED_VALUE"""),"BML_G1_x2") -> BML_G1_x2 | O20: BML_G1_x2 | P20: 31.5 | Q20: =IF(P20<1, "BAD", "GOOD") -> GOOD
A21: WSHB | B21: 33 | J21: BML_G5_x2 | M21: =IFERROR(__xludf.dummyfunction("""COMPUTED_VALUE"""),"BML_G4_x2") -> BML_G4_x2 | O21: BML_G4_x2 | P21: 37.8 | Q21: =IF(P21<1, "BAD", "GOOD") -> GOOD
A22: YCNB | B22: 30 | J22: CCRB_N_x2 | M22: =IFERROR(__xludf.dummyfunction("""COMPUTED_VALUE"""),"BML_G5_x2") -> BML_G5_x2 | O22: BML_G5_x2 | P22: 41.6 | Q22: =IF(P22<1, "BAD", "GOOD") -> GOOD
A23: (empty) | J23: CCRB_N1_A_x2 | M23: =IFERROR(__xludf.dummyfunction("""COMPUTED_VALUE"""),"CCRB_N_x2") -> CCRB_N_x2 | O23: CCRB_N_x2 | Q23: =IF(P23<1, "BAD", "GOOD") -> BAD
A24: Total Result | B24: 766 | J24: CCRB_N1_A_x2 | M24: =IFERROR(__xludf.dummyfunction("""COMPUTED_VALUE"""),"CCRB_N1_A_x2") -> CCRB_N1_A_x2 | O24: CCRB_N1_A_x2 | P24: 0 | Q24: =IF(P24<1, "BAD", "GOOD") -> BAD
B25: Divided by 3 (data sheet has triplicate entries) | J25: CCRB_N1_A_x2 | M25: =IFERROR(__xludf.dummyfunction("""COMPUTED_VALUE"""),"CCRB_N1_B_x2") -> CCRB_N1_B_x2 | O25: CCRB_N1_B_x2 | Q25: =IF(P25<1, "BAD", "GOOD") -> BAD
J26: CCRB_N1_B_x2 | M26: =IFERROR(__xludf.dummyfunction("""COMPUTED_VALUE"""),"CCRB_N2_x2") -> CCRB_N2_x2 | O26: CCRB_N2_x2 | P26: 4.03 | Q26: =IF(P26<1, "BAD", "GOOD") -> GOOD
J27: CCRB_N2_x2 | M27: =IFERROR(__xludf.dummyfunction("""COMPUTED_VALUE"""),"CCRB_N3_x2") -> CCRB_N3_x2 | O27: CCRB_N3_x2 | P27: 2.73 | Q27: =IF(P27<1, "BAD", "GOOD") -> GOOD
J28: CCRB_N3_x2 | M28: =IFERROR(__xludf.dummyfunction("""COMPUTED_VALUE"""),"CCRB_N4_x2") -> CCRB_N4_x2 | O28: CCRB_N4_x2 | P28: 11.4 | Q28: =IF(P28<1, "BAD", "GOOD") -> GOOD
J29: CCRB_N4_x2 | M29: =IFERROR(__xludf.dummyfunction("""COMPUTED_VALUE"""),"CCRB_N5_x2") -> CCRB_N5_x2 | O29: CCRB_N5_x2 | P29: 7.73 | Q29: =IF(P29<1, "BAD", "GOOD") -> GOOD
J30: CCRB_N5_x2 | M30: =IFERROR(__xludf.dummyfunction("""COMPUTED_VALUE"""),"CCRB_N6_x2") -> CCRB_N6_x2 | O30: CCRB_N6_x2 | P30: 0.687 | Q30: =IF(P30<1, "BAD", "GOOD") -> BAD
D31: * Samples with enough tissue to split | J31: CCRB_N6_x2 | M31: =IFERROR(__xludf.dummyfunction("""COMPUTED_VALUE"""),"CCRB_N7_x2") -> CCRB_N7_x2 | O31: CCRB_N7_x2 | P31: 0.9 | Q31: =IF(P31<1, "BAD", "GOOD") -> BAD
J32: CCRB_N7_x2 | M32: =IFERROR(__xludf.dummyfunction("""COMPUTED_VALUE"""),"CCRB_N8_x2") -> CCRB_N8_x2 | O32: CCRB_N8_x2 | P32: 3.47 | Q32: =IF(P32<1, "BAD", "GOOD") -> GOOD
B33: =GETPIVOTDATA("Count of Population",$A$1)/3 -> 255.33333 | C33: =GETPIVOTDATA("Sum of DNA_extr.",$A$1)/3 -> #REF! | J33: CCRB_N8_x2 | M33: =IFERROR(__xludf.dummyfunction("""COMPUTED_VALUE"""),"CCRB_N9_x2") -> CCRB_N9_x2 | O33: CCRB_N9_x2 | P33: 0.13 | Q33: =IF(P33<1, "BAD", "GOOD") -> BAD
J34: CCRB_N9_x2 | M34: =IFERROR(__xludf.dummyfunction("""COMPUTED_VALUE"""),"CF_G2_x2") -> CF_G2_x2 | O34: CF_G2_x2 | P34: 24.3 | Q34: =IF(P34<1, "BAD", "GOOD") -> GOOD
A35: Summary | J35: CF_G2_x2 | M35: =IFERROR(__xludf.dummyfunction("""COMPUTED_VALUE"""),"CF_G9_x2") -> CF_G9_x2 | O35: CF_G9_x2 | P35: 39.8 | Q35: =IF(P35<1, "BAD", "GOOD") -> GOOD
J36: CF_G9_x2 | M36: =IFERROR(__xludf.dummyfunction("""COMPUTED_VALUE"""),"HULB_G4_x2") -> HULB_G4_x2 | O36: HULB_G4_x2 | P36: 15.4 | Q36: =IF(P36<1, "BAD", "GOOD") -> GOOD
A37: ~ 27 populations | B37: ~312 samples | C37: ~128 samples DNA extracted | D37: ~ 96 samples PCR stage | J37: HULB_G4_x2 | M37: =IFERROR(__xludf.dummyfunction("""COMPUTED_VALUE"""),"HULB_L2_x2") -> HULB_L2_x2 | O37: HULB_L2_x2 | P37: 2.66 | Q37: =IF(P37<1, "BAD", "GOOD") -> GOOD
J38: HULB_L2_x2 | M38: =IFERROR(__xludf.dummyfunction("""COMPUTED_VALUE"""),"HULB_L5_x2") -> HULB_L5_x2 | O38: HULB_L5_x2 | P38: 18.3 | Q38: =IF(P38<1, "BAD", "GOOD") -> GOOD
J39: HULB_L5_x2 | M39: =IFERROR(__xludf.dummyfunction("""COMPUTED_VALUE"""),"HUOB_G2_x2") -> HUOB_G2_x2 | O39: HUOB_G2_x2 | P39: 12.6 | Q39: =IF(P39<1, "BAD", "GOOD") -> GOOD
J40: HUOB_G2_x2 | M40: =IFERROR(__xludf.dummyfunction("""COMPUTED_VALUE"""),"HUOB_G3_x2") -> HUOB_G3_x2 | O40: HUOB_G3_x2 | P40: 9.17 | Q40: =IF(P40<1, "BAD", "GOOD") -> GOOD
J41: HUOB_G3_x2 | M41: =IFERROR(__xludf.dummyfunction("""COMPUTED_VALUE"""),"HUOB_N2_x2") -> HUOB_N2_x2 | O41: HUOB_N2_x2 | P41: 12.3 | Q41: =IF(P41<1, "BAD", "GOOD") -> GOOD
J42: HUOB_N2_x2 | M42: =IFERROR(__xludf.dummyfunction("""COMPUTED_VALUE"""),"HUOB_N5_x2") -> HUOB_N5_x2 | O42: HUOB_N5_x2 | P42: 3.95 | Q42: =IF(P42<1, "BAD", "GOOD") -> GOOD
J43: HUOB_N5_x2 | M43: =IFERROR(__xludf.dummyfunction("""COMPUTED_VALUE"""),"LM_G4_x2") -> LM_G4_x2 | O43: LM_G4_x2 | P43: 6.18 | Q43: =IF(P43<1, "BAD", "GOOD") -> GOOD
J44: LM_G4_x2 | M44: =IFERROR(__xludf.dummyfunction("""COMPUTED_VALUE"""),"LM_G9_x2") -> LM_G9_x2 | O44: LM_G9_x2 | P44: 19.7 | Q44: =IF(P44<1, "BAD", "GOOD") -> GOOD
J45: LM_G9_x2 | M45: =IFERROR(__xludf.dummyfunction("""COMPUTED_VALUE"""),"LYFB_G1_x2") -> LYFB_G1_x2 | O45: LYFB_G1_x2 | P45: 34.1 | Q45: =IF(P45<1, "BAD", "GOOD") -> GOOD
J46: LYFB_G1_x2 | M46: =IFERROR(__xludf.dummyfunction("""COMPUTED_VALUE"""),"LYFB_G2_x2") -> LYFB_G2_x2 | O46: LYFB_G2_x2 | P46: 1.78 | Q46: =IF(P46<1, "BAD", "GOOD") -> GOOD
J47: LYFB_G2_x2 | M47: =IFERROR(__xludf.dummyfunction("""COMPUTED_VALUE"""),"LYFB_G3_x2") -> LYFB_G3_x2 | O47: LYFB_G3_x2 | P47: 4.91 | Q47: =IF(P47<1, "BAD", "GOOD") -> GOOD
J48: LYFB_G3_x2 | M48: =IFERROR(__xludf.dummyfunction("""COMPUTED_VALUE"""),"LYFB_G4_x2") -> LYFB_G4_x2 | O48: LYFB_G4_x2 | P48: 16 | Q48: =IF(P48<1, "BAD", "GOOD") -> GOOD
J49: LYFB_G4_x2 | M49: =IFERROR(__xludf.dummyfunction("""COMPUTED_VALUE"""),"LYFB_G5_x2") -> LYFB_G5_x2 | O49: LYFB_G5_x2 | P49: 5.96 | Q49: =IF(P49<1, "BAD", "GOOD") -> GOOD
J50: LYFB_G5_x2 | M50: =IFERROR(__xludf.dummyfunction("""COMPUTED_VALUE"""),"SHL_G2_x2") -> SHL_G2_x2 | O50: SHL_G2_x2 | P50: 40.3 | Q50: =IF(P50<1, "BAD", "GOOD") -> GOOD
J51: SHL_G2_x2 | M51: =IFERROR(__xludf.dummyfunction("""COMPUTED_VALUE"""),"SHL_G3_x2") -> SHL_G3_x2 | O51: SHL_G3_x2 | P51: 38.3 | Q51: =IF(P51<1, "BAD", "GOOD") -> GOOD
J52: SHL_G3_x2 | M52: =IFERROR(__xludf.dummyfunction("""COMPUTED_VALUE"""),"SHL_G4_x2") -> SHL_G4_x2 | O52: SHL_G4_x2 | P52: 48.3 | Q52: =IF(P52<1, "BAD", "GOOD") -> GOOD
J53: SHL_G4_x2 | M53: =IFERROR(__xludf.dummyfunction("""COMPUTED_VALUE"""),"SHL_L3_x2") -> SHL_L3_x2 | O53: SHL_L3_x2 | P53: 8.65 | Q53: =IF(P53<1, "BAD", "GOOD") -> GOOD
J54: SHL_L3_x2 | M54: =IFERROR(__xludf.dummyfunction("""COMPUTED_VALUE"""),"SPLB_L7_x2") -> SPLB_L7_x2 | O54: SPLB_L7_x2 | P54: 6.22 | Q54: =IF(P54<1, "BAD", "GOOD") -> GOOD
J55: SPLB_L7_x2 | M55: =IFERROR(__xludf.dummyfunction("""COMPUTED_VALUE"""),"SPLB_L9_x2") -> SPLB_L9_x2 | O55: SPLB_L9_x2 | P55: 4.92 | Q55: =IF(P55<1, "BAD", "GOOD") -> GOOD
J56: SPLB_L9_x2 | M56: =IFERROR(__xludf.dummyfunction("""COMPUTED_VALUE"""),"TRTB_L1_x2") -> TRTB_L1_x2 | O56: TRTB_L1_x2 | P56: 22.4 | Q56: =IF(P56<1, "BAD", "GOOD") -> GOOD
J57: TRTB_L1_x2 | M57: =IFERROR(__xludf.dummyfunction("""COMPUTED_VALUE"""),"TWGB_G6_x2") -> TWGB_G6_x2 | O57: TWGB_G6_x2 | P57: 1 | Q57: =IF(P57<1, "BAD", "GOOD") -> GOOD
J58: TWGB_G6_x2 | M58: =IFERROR(__xludf.dummyfunction("""COMPUTED_VALUE"""),"TWGB_G9_x2") -> TWGB_G9_x2 | O58: TWGB_G9_x2 | P58: 17 | Q58: =IF(P58<1, "BAD", "GOOD") -> GOOD
J59: TWGB_G9_x2 | M59: =IFERROR(__xludf.dummyfunction("""COMPUTED_VALUE"""),"WCFB_G10_x2") -> WCFB_G10_x2 | O59: WCFB_G10_x2 | P59: 8.53 | Q59: =IF(P59<1, "BAD", "GOOD") -> GOOD
J60: WCFB_G10_x2 | M60: =IFERROR(__xludf.dummyfunction("""COMPUTED_VALUE"""),"HDRB_G10_x2") -> HDRB_G10_x2 | O60: HDRB_G10_x2 | P60: 0 | Q60: =IF(P60<1, "BAD", "GOOD") -> BAD
J61: HDRB_G10_x2 | M61: =IFERROR(__xludf.dummyfunction("""COMPUTED_VALUE"""),"HDRB_G202") -> HDRB_G202 | O61: HDRB_G202(G002_X2) | P61: 4.29 | Q61: =IF(P61<1, "BAD", "GOOD") -> GOOD
J62: HDRB_G202 | M62: =IFERROR(__xludf.dummyfunction("""COMPUTED_VALUE"""),"HDRB_G3_x2") -> HDRB_G3_x2 | O62: HDRB_G3_x2 | P62: 9.4 | Q62: =IF(P62<1, "BAD", "GOOD") -> GOOD
J63: HDRB_G202 | M63: =IFERROR(__xludf.dummyfunction("""COMPUTED_VALUE"""),"HDRB_G4_x2") -> HDRB_G4_x2 | O63: HDRB_G4_x2 | P63: 5.98 | Q63: =IF(P63<1, "BAD", "GOOD") -> GOOD
J64: HDRB_G202 | M64: =IFERROR(__xludf.dummyfunction("""COMPUTED_VALUE"""),"HDRB_G6_x2") -> HDRB_G6_x2 | O64: HDRB_G6_x2 | P64: 8.53 | Q64: =IF(P64<1, "BAD", "GOOD") -> GOOD
J65: HDRB_G3_x2 | M65: =IFERROR(__xludf.dummyfunction("""COMPUTED_VALUE"""),"HDRB_G207") -> HDRB_G207 | O65: HDRB_G207(G007_X2) | P65: 0.0827 | Q65: 28.5
J66: HDRB_G4_x2 | M66: =IFERROR(__xludf.dummyfunction("""COMPUTED_VALUE"""),"HDRB_G8_x2") -> HDRB_G8_x2 | O66: HDRB_G8_x2 | P66: 7 | Q66: =IF(P66<1, "BAD", "GOOD") -> GOOD
J67: HDRB_G6_x2 | M67: =IFERROR(__xludf.dummyfunction("""COMPUTED_VALUE"""),"HHBB_G1_x2") -> HHBB_G1_x2 | O67: HHBB_G1_x2 | P67: 17.4 | Q67: =IF(P67<1, "BAD", "GOOD") -> GOOD
J68: HDRB_G207 | M68: =IFERROR(__xludf.dummyfunction("""COMPUTED_VALUE"""),"HHBB_G10_x2") -> HHBB_G10_x2 | O68: HHBB_G10_x2 | P68: 13.6 | Q68: =IF(P68<1, "BAD", "GOOD") -> GOOD
J69: HDRB_G207 | M69: =IFERROR(__xludf.dummyfunction("""COMPUTED_VALUE"""),"HHBB_G2_x2") -> HHBB_G2_x2 | O69: HHBB_G2_x2 | P69: 10.7 | Q69: =IF(P69<1, "BAD", "GOOD") -> GOOD
J70: HDRB_G207 | M70: =IFERROR(__xludf.dummyfunction("""COMPUTED_VALUE"""),"HHBB_G6_x2") -> HHBB_G6_x2 | O70: HHBB_G6_x2 | P70: 11.6 | Q70: =IF(P70<1, "BAD", "GOOD") -> GOOD
J71: HDRB_G8_x2 | M71: =IFERROR(__xludf.dummyfunction("""COMPUTED_VALUE"""),"HHBB_G8_x2") -> HHBB_G8_x2 | O71: HHBB_G8_x2 | P71: 16.9 | Q71: =IF(P71<1, "BAD", "GOOD") -> GOOD
J72: HHBB_G1_x2 | M72: =IFERROR(__xludf.dummyfunction("""COMPUTED_VALUE"""),"HHBB_L9_x2") -> HHBB_L9_x2 | O72: HHBB_L9_x2 | P72: 1.4 | Q72: =IF(P72<1, "BAD", "GOOD") -> GOOD
J73: HHBB_G10_x2 | M73: =IFERROR(__xludf.dummyfunction("""COMPUTED_VALUE"""),"HUOB_G12_x2") -> HUOB_G12_x2 | O73: HUOB_G12_x2 | P73: 0 | Q73: =IF(P73<1, "BAD", "GOOD") -> BAD
J74: HHBB_G2_x2 | M74: =IFERROR(__xludf.dummyfunction("""COMPUTED_VALUE"""),"HUOB_G22_x2") -> HUOB_G22_x2 | O74: HUOB_G22_x2 | P74: 5.55 | Q74: =IF(P74<1, "BAD", "GOOD") -> GOOD
J75: HHBB_G6_x2 | M75: =IFERROR(__xludf.dummyfunction("""COMPUTED_VALUE"""),"HUOB_G82_x2") -> HUOB_G82_x2 | O75: HUOB_G82_x2 | P75: 3.14 | Q75: =IF(P75<1, "BAD", "GOOD") -> GOOD
J76: HHBB_G8_x2 | M76: =IFERROR(__xludf.dummyfunction("""COMPUTED_VALUE"""),"KNOB_L10_x2") -> KNOB_L10_x2 | O76: KNOB_L10_x2 | P76: 0 | Q76: =IF(P76<1, "BAD", "GOOD") -> BAD
J77: HHBB_L9_x2 | M77: =IFERROR(__xludf.dummyfunction("""COMPUTED_VALUE"""),"KNOB_L5_x2") -> KNOB_L5_x2 | O77: KNOB_L5_x2 | P77: 0.382 | Q77: =IF(P77<1, "BAD", "GOOD") -> BAD
J78: HUOB_G12_x2 | M78: =IFERROR(__xludf.dummyfunction("""COMPUTED_VALUE"""),"KNOB_L209") -> KNOB_L209 | O78: KNOB_L209(L9_X2) | P78: 0.398 | Q78: 28.7
J79: HUOB_G22_x2 | M79: =IFERROR(__xludf.dummyfunction("""COMPUTED_VALUE"""),"NFWB_L4_x2") -> NFWB_L4_x2 | O79: NFWB_L4_x2 | P79: 1.65 | Q79: =IF(P79<1, "BAD", "GOOD") -> GOOD
J80: HUOB_G82_x2 | M80: =IFERROR(__xludf.dummyfunction("""COMPUTED_VALUE"""),"NFWB_N2_x2") -> NFWB_N2_x2 | O80: NFWB_N2_x2 | P80: 0.493 | Q80: =IF(P80<1, "BAD", "GOOD") -> BAD
J81: KNOB_L10_x2 | M81: =IFERROR(__xludf.dummyfunction("""COMPUTED_VALUE"""),"NFWB_N3_x2") -> NFWB_N3_x2 | O81: NFWB_N3_x2 | P81: 0.275 | Q81: =IF(P81<1, "BAD", "GOOD") -> BAD
J82: KNOB_L5_x2 | M82: =IFERROR(__xludf.dummyfunction("""COMPUTED_VALUE"""),"NFWB_N206") -> NFWB_N206 | O82: NFWB_N206(N6_X2) | P82: 0.787 | Q82: 3.18
J83: KNOB_L209 | M83: =IFERROR(__xludf.dummyfunction("""COMPUTED_VALUE"""),"NFWB_N8_x2") -> NFWB_N8_x2 | O83: NFWB_N8_x2 | P83: 0.116 | Q83: =IF(P83<1, "BAD", "GOOD") -> BAD
J84: KNOB_L209 | M84: =IFERROR(__xludf.dummyfunction("""COMPUTED_VALUE"""),"OPN_L101_x2") -> OPN_L101_x2 | O84: OPN_L101_x2 | P84: 7 | Q84: =IF(P84<1, "BAD", "GOOD") -> GOOD
J85: KNOB_L209 | M85: =IFERROR(__xludf.dummyfunction("""COMPUTED_VALUE"""),"OPN_L103_x2") -> OPN_L103_x2 | O85: OPN_L103_x2 | P85: 0.503 | Q85: =IF(P85<1, "BAD", "GOOD") -> BAD
J86: NFWB_L4_x2 | M86: =IFERROR(__xludf.dummyfunction("""COMPUTED_VALUE"""),"OPN_L105_x2") -> OPN_L105_x2 | O86: OPN_L105_x2 | P86: 7.6 | Q86: =IF(P86<1, "BAD", "GOOD") -> GOOD
J87: NFWB_N2_x2 | M87: =IFERROR(__xludf.dummyfunction("""COMPUTED_VALUE"""),"OPN_L107_x2") -> OPN_L107_x2 | O87: OPN_L107_x2 | P87: 0.853 | Q87: =IF(P87<1, "BAD", "GOOD") -> BAD
J88: NFWB_N3_x2 | M88: =IFERROR(__xludf.dummyfunction("""COMPUTED_VALUE"""),"SPLB_L2_x2") -> SPLB_L2_x2 | O88: SPLB_L2_x2 | P88: 10.4 | Q88: =IF(P88<1, "BAD", "GOOD") -> GOOD
J89: NFWB_N206 | M89: =IFERROR(__xludf.dummyfunction("""COMPUTED_VALUE"""),"SPLB_L204") -> SPLB_L204 | O89: SPLB_L204(L4_x2) | P89: 17 | Q89: 18.9
J90: NFWB_N206 | M90: =IFERROR(__xludf.dummyfunction("""COMPUTED_VALUE"""),"SPLB_L5_x2") -> SPLB_L5_x2 | O90: SPLB_L5_x2 | P90: 6.93 | Q90: =IF(P90<1, "BAD", "GOOD") -> GOOD
J91: NFWB_N206 | M91: =IFERROR(__xludf.dummyfunction("""COMPUTED_VALUE"""),"SPLB_L6_x2") -> SPLB_L6_x2 | O91: SPLB_L6_x2 | P91: 0.371 | Q91: =IF(P91<1, "BAD", "GOOD") -> BAD
J92: NFWB_N8_x2 | M92: =IFERROR(__xludf.dummyfunction("""COMPUTED_VALUE"""),"TRTZ_L201") -> TRTZ_L201 | O92: TRTZ_L201(L1_x2) | P92: 11.1 | Q92: 25.1
J93: OPN_L101_x2 | M93: =IFERROR(__xludf.dummyfunction("""COMPUTED_VALUE"""),"TRTZ_L204") -> TRTZ_L204 | O93: TRTZ_L204(L4_x2) | P93: 18.9 | Q93: 9.64
J94: OPN_L103_x2 | M94: =IFERROR(__xludf.dummyfunction("""COMPUTED_VALUE"""),"TRT_L6_x2") -> TRT_L6_x2 | O94: TRT_L6_x2 | P94: 1.31 | Q94: =IF(P94<1, "BAD", "GOOD") -> GOOD
J95: OPN_L105_x2 | M95: =IFERROR(__xludf.dummyfunction("""COMPUTED_VALUE"""),"TWGB_G1_x2") -> TWGB_G1_x2 | O95: TWGB_G1_x2 | P95: 0.449 | Q95: =IF(P95<1, "BAD", "GOOD") -> BAD
J96: OPN_L107_x2 | M96: =IFERROR(__xludf.dummyfunction("""COMPUTED_VALUE"""),"WCFB_G5_x2") -> WCFB_G5_x2 | O96: WCFB_G5_x2 | P96: 14.5 | Q96: =IF(P96<1, "BAD", "GOOD") -> GOOD
J97: SPLB_L2_x2 | M97: =IFERROR(__xludf.dummyfunction("""COMPUTED_VALUE"""),"WCFB_G6_x2") -> WCFB_G6_x2 | O97: WCFB_G6_x2 | P97: 10.5 | Q97: =IF(P97<1, "BAD", "GOOD") -> GOOD
J98: SPLB_L204 | M98: =IFERROR(__xludf.dummyfunction("""COMPUTED_VALUE"""),"WCFB_G208") -> WCFB_G208 | O98: WCFB_G208(G8_x2) | P98: 7.93 | Q98: 11.2
J99: SPLB_L204 | M99: =IFERROR(__xludf.dummyfunction("""COMPUTED_VALUE"""),"WCFB_G9_x2") -> WCFB_G9_x2 | O99: WCFB_G9_x2 | P99: 10.5 | Q99: =IF(P99<1, "BAD", "GOOD") -> GOOD
J100: SPLB_L204 | M100: =IFERROR(__xludf.dummyfunction("""COMPUTED_VALUE"""),"WCFB_L4_x2") -> WCFB_L4_x2 | O100: WCFB_L4_x2 | P100: 2.72 | Q100: =IF(P100<1, "BAD", "GOOD") -> GOOD
...

Sheet OLD_Emily_Cultures
A1: Unique_ID | B1: Day3_generalgrowth | C1: Day5_growth_FB | D1: Redo_notes | E1: Slant_growth_FB | F1: Day7_growth | G1: Day3_Secondtry | H1: Day5_secondtry | I1: ImageJ_1 | J1: ImageJ_2 | K1: Leaf_lobe_index | L1: Notes
A2: HUOB_N5_A | B2: no | F2: none
A3: HUOB_N5_B | B3: no | F3: none
A4: HUOB_N5_C | B4: no | F4: none
A5: HUOB_N5_D | B5: no | F5: none
A6: HUOB_N5_E | B6: no | F6: none
A7: HUOB_G5_A | B7: no | F7: none
A8: HUOB_G5_B | B8: no | F8: none
A9: HUOB_G5_C | B9: yes | C9: F | D9: *potential contamination - aspergillus | E9: f | F9: cf | G9: f | H9: f
A10: HUOB_G5_D | B10: no | F10: none
A11: HUOB_G5_E | B11: no | C11: F | F11: f
A12: TRTB_L1_A | B12: yes | C12: FB | D12: * potential contamination | E12: f | F12: cfb | G12: fb? | H12: fb? | I12: 4905717 | J12: 4908648 | K12: =(J12-I12)/J12 -> 0.00059710943
A13: TRTB_L1_B | B13: no | C13: B | D13: * potential contamination | E13: f | F13: cb | G13: b | H13: b
A14: TRTB_L1_C | B14: no | D14: * sample didn't stick | F14: none
A15: TRTB_L1_D | B15: no | C15: F | E15: f | F15: f
A16: TRTB_L1_E | B16: yes | C16: F | E16: f | F16: f
A17: LYFB_G5_A | B17: yes | C17: F | D17: * contaminated - growth not from sample | F17: cf | I17: 1414792 | J17: 1415569
A18: LYFB_G5_B | B18: yes | C18: F | D18: * potential aspergillus | E18: f | F18: cf? | G18: f (aspergillus?) | H18: f(c)
A19: LYFB_G5_C | B19: no | C19: F | D19: * contaminated - growth not from sample | F19: cf
A20: LYFB_G5_D | B20: yes | C20: F | D20: *contaminated - aspergillus | F20: cf | G20: f | H20: f
A21: LYFB_G5_E | B21: no | F21: none
A22: SHL_G5_A | B22: no | C22: FB | D22: * potentially contaminated - bacterial growth w fungi | E22: f | F22: cfb | G22: b | H22: b | I22: 1072217 | J22: 1088004 | K22: =(J22-I22)/J22 -> 0.014510057
A23: SHL_G5_B | B23: yes | C23: F | E23: f | F23: f
A24: SHL_G5_C | B24: no | C24: B | D24: * contaminated | E24: f | F24: cb | G24: f | H24: f
A25: SHL_G5_D | B25: yes | C25: B | D25: * contaminated | E25: f | F25: cb | G25: b | H25: b
A26: SHL_G5_E | B26: no | C26: B | D26: * contaminated | F26: cb
A27: BML_L3_A | B27: no | F27: none | I27: 215123 | J27: 218123 | K27: =(J27-I27)/J27 -> 0.013753708
A28: BML_L3_B | B28: yes | C28: F | E28: f | F28: f
A29: BML_L3_C | B29: yes | C29: F | D29: * contaminated | F29: cf
A30: BML_L3_D | B30: no | C30: B | D30: * contaminated (bacteria in slant) | E30: b | F30: cb | G30: b (expected) | H30: b
A31: BML_L3_E | B31: no | F31: none
A32: CF_LM_A | B32: no | C32: F | D32: * contaminated (F) | F32: cf
A33: CF_LM_B | B33: no | C33: B | D33: * contaminated (bacteria in slant) | E33: b | F33: cb | G33: b (expected) | H33: b
A34: CF_LM_C | B34: no | C34: F | D34: * contaminated (F) | F34: cf
A35: CF_LM_D | B35: yes | C35: F | E35: f | F35: f
A36: CF_LM_E | B36: no | F36: none
A38: CF_G1_N | I38: 876830 | J38: 969405 | K38: =(J38-I38)/J38 -> 0.095496722
A39: CF_G2_N | I39: 905649 | J39: 1004175 | K39: =(J39-I39)/J39 -> 0.098116364
A40: CF_G3_N | I40: 620839 | J40: 716622 | K40: =(J40-I40)/J40 -> 0.13365903
A41: CF_G4_N | I41: 502459 | J41: 571777 | K41: =(J41-I41)/J41 -> 0.12123258
A42: CF_G5_N | I42: 506449 | J42: 557003 | K42: =(J42-I42)/J42 -> 0.090760732
A43: CF_G6_N | I43: 1249856 | J43: 1366501 | K43: =(J43-I43)/J43 -> 0.085360347
A44: CF_G7_N | I44: 777933 | J44: 874484 | K44: =(J44-I44)/J44 -> 0.11040911
A45: CF_G8_N | I45: 1257219 | J45: 1406032 | K45: =(J45-I45)/J45 -> 0.10583899
A46: CF_G9_N | I46: 1412275 | J46: 1545940 | K46: =(J46-I46)/J46 -> 0.086461958
A47: CF_G10_N | I47: 1038755 | J47: 1157257 | K47: =(J47-I47)/J47 -> 0.10239903
A48: LM_G1_N | I48: 555159 | J48: 643302 | K48: =(J48-I48)/J48 -> 0.13701652
A49: LM_G2_N | I49: 645808 | J49: 740063 | K49: =(J49-I49)/J49 -> 0.12736078
... A54: LM_G7_N | I54: 1544668 | J54: 1636986 | K54: =(J54-I54)/J54 -> 0.056395107
A55: LM_G8_N | I55: 1297602 | J55: 1439116 | K55: =(J55-I55)/J55 -> 0.098333977 | L55: *part of leaf cut off in picture
A56: LM_G9_N | I56: 1295888 | J56: 1414298 | K56: =(J56-I56)/J56 -> 0.083723515
A57: LM_G10_N | I57: 1217805 | J57: 1343318 | K57: =(J57-I57)/J57 -> 0.093435062

Sheet OLD_Culture tests
A1: Unique_ID | B1: Day5_growth | C1: day7_growth
A2: 1A | B2: FB | C2: FB
A3: 1B | B3: B | C3: B
A4: 2A | B4: F | C4: F
A5: 2B | B5: N | C5: N
A6: 3A | B6: FB | C6: FB
A7: 3B | B7: N | C7: N
A8: 4A | B8: N | C8: N
A9: 4B | B9: B? | C9: B
A10: 5A | B10: F? | C10: F (a lot)
A11: 5B | B11: F | C11: F
A12: 6A | B12: N | C12: N
... A17: 8B | B17: N | C17: N
B19: all growth was directly from leaf pieces, not from other spots in agar; probably no contamination, some leaves just had either bacteria/fungi sometimes both
